MICROPOLITAN STATISTICAL AREAS AND COMPONENTS, November 2007, WITH CODES

(Micropolitan statistical areas defined by the Office of Management and Budget, November 2007)

Source:                 U.S. Census Bureau, Population Division
Internet Release Date:  June 24, 2008
Last Revised:           

        FIPS
CBSA    State/
Code    County  Micropolitan Statistical Area Titles and Components
10020           Abbeville, LA Micropolitan Statistical Area
10020   22113      Vermilion Parish, LA

10100           Aberdeen, SD Micropolitan Statistical Area
10100   46013      Brown County, SD
10100   46045      Edmunds County, SD

10140           Aberdeen, WA Micropolitan Statistical Area
10140   53027      Grays Harbor County, WA

10220           Ada, OK Micropolitan Statistical Area
10220   40123      Pontotoc County, OK

10260           Adjuntas, PR Micropolitan Statistical Area
10260   72001      Adjuntas Municipio, PR

10300           Adrian, MI Micropolitan Statistical Area
10300   26091      Lenawee County, MI

10460           Alamogordo, NM Micropolitan Statistical Area
10460   35035      Otero County, NM

10540           Albany-Lebanon, OR Micropolitan Statistical Area
10540   41043      Linn County, OR

10620           Albemarle, NC Micropolitan Statistical Area
10620   37167      Stanly County, NC

10660           Albert Lea, MN Micropolitan Statistical Area
10660   27047      Freeborn County, MN

10700           Albertville, AL Micropolitan Statistical Area
10700   01095      Marshall County, AL

10760           Alexander City, AL Micropolitan Statistical Area
10760   01037      Coosa County, AL
10760   01123      Tallapoosa County, AL

10820           Alexandria, MN Micropolitan Statistical Area
10820   27041      Douglas County, MN

10860           Alice, TX Micropolitan Statistical Area
10860   48249      Jim Wells County, TX

10880           Allegan, MI Micropolitan Statistical Area
10880   26005      Allegan County, MI

10940           Alma, MI Micropolitan Statistical Area
10940   26057      Gratiot County, MI

10980           Alpena, MI Micropolitan Statistical Area
10980   26007      Alpena County, MI

11060           Altus, OK Micropolitan Statistical Area
11060   40065      Jackson County, OK

11140           Americus, GA Micropolitan Statistical Area
11140   13249      Schley County, GA
11140   13261      Sumter County, GA

11220           Amsterdam, NY Micropolitan Statistical Area
11220   36057      Montgomery County, NY

11380           Andrews, TX Micropolitan Statistical Area
11380   48003      Andrews County, TX

11420           Angola, IN Micropolitan Statistical Area
11420   18151      Steuben County, IN

11580           Arcadia, FL Micropolitan Statistical Area
11580   12027      DeSoto County, FL

11620           Ardmore, OK Micropolitan Statistical Area
11620   40019      Carter County, OK
11620   40085      Love County, OK

11660           Arkadelphia, AR Micropolitan Statistical Area
11660   05019      Clark County, AR

11740           Ashland, OH Micropolitan Statistical Area
11740   39005      Ashland County, OH

11780           Ashtabula, OH Micropolitan Statistical Area
11780   39007      Ashtabula County, OH

11820           Astoria, OR Micropolitan Statistical Area
11820   41007      Clatsop County, OR

11860           Atchison, KS Micropolitan Statistical Area
11860   20005      Atchison County, KS

11900           Athens, OH Micropolitan Statistical Area
11900   39009      Athens County, OH

11940           Athens, TN Micropolitan Statistical Area
11940   47107      McMinn County, TN

11980           Athens, TX Micropolitan Statistical Area
11980   48213      Henderson County, TX

12140           Auburn, IN Micropolitan Statistical Area
12140   18033      DeKalb County, IN

12180           Auburn, NY Micropolitan Statistical Area
12180   36011      Cayuga County, NY

12300           Augusta-Waterville, ME Micropolitan Statistical Area
12300   23011      Kennebec County, ME

12380           Austin, MN Micropolitan Statistical Area
12380   27099      Mower County, MN

12460           Bainbridge, GA Micropolitan Statistical Area
12460   13087      Decatur County, GA

12660           Baraboo, WI Micropolitan Statistical Area
12660   55111      Sauk County, WI

12740           Barre, VT Micropolitan Statistical Area
12740   50023      Washington County, VT

12780           Bartlesville, OK Micropolitan Statistical Area
12780   40147      Washington County, OK

12820           Bastrop, LA Micropolitan Statistical Area
12820   22067      Morehouse Parish, LA

12860           Batavia, NY Micropolitan Statistical Area
12860   36037      Genesee County, NY

12900           Batesville, AR Micropolitan Statistical Area
12900   05063      Independence County, AR

13060           Bay City, TX Micropolitan Statistical Area
13060   48321      Matagorda County, TX

13100           Beatrice, NE Micropolitan Statistical Area
13100   31067      Gage County, NE

13180           Beaver Dam, WI Micropolitan Statistical Area
13180   55027      Dodge County, WI

13220           Beckley, WV Micropolitan Statistical Area
13220   54081      Raleigh County, WV

13260           Bedford, IN Micropolitan Statistical Area
13260   18093      Lawrence County, IN

13300           Beeville, TX Micropolitan Statistical Area
13300   48025      Bee County, TX

13340           Bellefontaine, OH Micropolitan Statistical Area
13340   39091      Logan County, OH

13420           Bemidji, MN Micropolitan Statistical Area
13420   27007      Beltrami County, MN

13500           Bennettsville, SC Micropolitan Statistical Area
13500   45069      Marlboro County, SC

13540           Bennington, VT Micropolitan Statistical Area
13540   50003      Bennington County, VT

13620           Berlin, NH-VT Micropolitan Statistical Area
13620   33007      Coos County, NH
13620   50009      Essex County, VT

13660           Big Rapids, MI Micropolitan Statistical Area
13660   26107      Mecosta County, MI

13700           Big Spring, TX Micropolitan Statistical Area
13700   48227      Howard County, TX

13860           Bishop, CA Micropolitan Statistical Area
13860   06027      Inyo County, CA

13940           Blackfoot, ID Micropolitan Statistical Area
13940   16011      Bingham County, ID

14100           Bloomsburg-Berwick, PA Micropolitan Statistical Area
14100   42037      Columbia County, PA
14100   42093      Montour County, PA

14140           Bluefield, WV-VA Micropolitan Statistical Area
14140   51185      Tazewell County, VA
14140   54055      Mercer County, WV

14180           Blytheville, AR Micropolitan Statistical Area
14180   05093      Mississippi County, AR

14220           Bogalusa, LA Micropolitan Statistical Area
14220   22117      Washington Parish, LA

14300           Bonham, TX Micropolitan Statistical Area
14300   48147      Fannin County, TX

14340           Boone, IA Micropolitan Statistical Area
14340   19015      Boone County, IA

14380           Boone, NC Micropolitan Statistical Area
14380   37189      Watauga County, NC

14420           Borger, TX Micropolitan Statistical Area
14420   48233      Hutchinson County, TX

14580           Bozeman, MT Micropolitan Statistical Area
14580   30031      Gallatin County, MT

14620           Bradford, PA Micropolitan Statistical Area
14620   42083      McKean County, PA

14660           Brainerd, MN Micropolitan Statistical Area
14660   27021      Cass County, MN
14660   27035      Crow Wing County, MN

14700           Branson, MO Micropolitan Statistical Area
14700   29209      Stone County, MO
14700   29213      Taney County, MO

14780           Brenham, TX Micropolitan Statistical Area
14780   48477      Washington County, TX

14820           Brevard, NC Micropolitan Statistical Area
14820   37175      Transylvania County, NC

14940           Brigham City, UT Micropolitan Statistical Area
14940   49003      Box Elder County, UT

15020           Brookhaven, MS Micropolitan Statistical Area
15020   28085      Lincoln County, MS

15060           Brookings, OR Micropolitan Statistical Area
15060   41015      Curry County, OR

15100           Brookings, SD Micropolitan Statistical Area
15100   46011      Brookings County, SD

15140           Brownsville, TN Micropolitan Statistical Area
15140   47075      Haywood County, TN

15220           Brownwood, TX Micropolitan Statistical Area
15220   48049      Brown County, TX

15340           Bucyrus, OH Micropolitan Statistical Area
15340   39033      Crawford County, OH

15420           Burley, ID Micropolitan Statistical Area
15420   16031      Cassia County, ID
15420   16067      Minidoka County, ID

15460           Burlington, IA-IL Micropolitan Statistical Area
15460   17071      Henderson County, IL
15460   19057      Des Moines County, IA

15580           Butte-Silver Bow, MT Micropolitan Statistical Area
15580   30093      Silver Bow County, MT

15620           Cadillac, MI Micropolitan Statistical Area
15620   26113      Missaukee County, MI
15620   26165      Wexford County, MI

15660           Calhoun, GA Micropolitan Statistical Area
15660   13129      Gordon County, GA

15700           Cambridge, MD Micropolitan Statistical Area
15700   24019      Dorchester County, MD

15740           Cambridge, OH Micropolitan Statistical Area
15740   39059      Guernsey County, OH

15780           Camden, AR Micropolitan Statistical Area
15780   05013      Calhoun County, AR
15780   05103      Ouachita County, AR

15820           Campbellsville, KY Micropolitan Statistical Area
15820   21217      Taylor County, KY

15860           Canon City, CO Micropolitan Statistical Area
15860   08043      Fremont County, CO

15900           Canton, IL Micropolitan Statistical Area
15900   17057      Fulton County, IL

16020           Cape Girardeau-Jackson, MO-IL Micropolitan Statistical Area
16020   17003      Alexander County, IL
16020   29017      Bollinger County, MO
16020   29031      Cape Girardeau County, MO

16060           Carbondale, IL Micropolitan Statistical Area
16060   17077      Jackson County, IL

16100           Carlsbad-Artesia, NM Micropolitan Statistical Area
16100   35015      Eddy County, NM

16260           Cedar City, UT Micropolitan Statistical Area
16260   49021      Iron County, UT

16340           Cedartown, GA Micropolitan Statistical Area
16340   13233      Polk County, GA

16380           Celina, OH Micropolitan Statistical Area
16380   39107      Mercer County, OH

16420           Central City, KY Micropolitan Statistical Area
16420   21177      Muhlenberg County, KY

16460           Centralia, IL Micropolitan Statistical Area
16460   17121      Marion County, IL

16500           Centralia, WA Micropolitan Statistical Area
16500   53041      Lewis County, WA

16540           Chambersburg, PA Micropolitan Statistical Area
16540   42055      Franklin County, PA

16660           Charleston-Mattoon, IL Micropolitan Statistical Area
16660   17029      Coles County, IL
16660   17035      Cumberland County, IL

16900           Chester, SC Micropolitan Statistical Area
16900   45023      Chester County, SC

17060           Chillicothe, OH Micropolitan Statistical Area
17060   39141      Ross County, OH

17180           City of The Dalles, OR Micropolitan Statistical Area
17180   41065      Wasco County, OR

17200           Claremont, NH Micropolitan Statistical Area
17200   33019      Sullivan County, NH

17220           Clarksburg, WV Micropolitan Statistical Area
17220   54017      Doddridge County, WV
17220   54033      Harrison County, WV
17220   54091      Taylor County, WV

17260           Clarksdale, MS Micropolitan Statistical Area
17260   28027      Coahoma County, MS

17340           Clearlake, CA Micropolitan Statistical Area
17340   06033      Lake County, CA

17380           Cleveland, MS Micropolitan Statistical Area
17380   28011      Bolivar County, MS

17500           Clewiston, FL Micropolitan Statistical Area
17500   12051      Hendry County, FL

17540           Clinton, IA Micropolitan Statistical Area
17540   19045      Clinton County, IA

17580           Clovis, NM Micropolitan Statistical Area
17580   35009      Curry County, NM

17620           Coamo, PR Micropolitan Statistical Area
17620   72043      Coamo Municipio, PR

17700           Coffeyville, KS Micropolitan Statistical Area
17700   20125      Montgomery County, KS

17740           Coldwater, MI Micropolitan Statistical Area
17740   26023      Branch County, MI

17940           Columbia, TN Micropolitan Statistical Area
17940   47119      Maury County, TN

18060           Columbus, MS Micropolitan Statistical Area
18060   28087      Lowndes County, MS

18100           Columbus, NE Micropolitan Statistical Area
18100   31141      Platte County, NE

18180           Concord, NH Micropolitan Statistical Area
18180   33013      Merrimack County, NH

18220           Connersville, IN Micropolitan Statistical Area
18220   18041      Fayette County, IN

18260           Cookeville, TN Micropolitan Statistical Area
18260   47087      Jackson County, TN
18260   47133      Overton County, TN
18260   47141      Putnam County, TN

18300           Coos Bay, OR Micropolitan Statistical Area
18300   41011      Coos County, OR

18340           Corbin, KY Micropolitan Statistical Area
18340   21235      Whitley County, KY

18380           Cordele, GA Micropolitan Statistical Area
18380   13081      Crisp County, GA

18420           Corinth, MS Micropolitan Statistical Area
18420   28003      Alcorn County, MS

18460           Cornelia, GA Micropolitan Statistical Area
18460   13137      Habersham County, GA

18500           Corning, NY Micropolitan Statistical Area
18500   36101      Steuben County, NY

18620           Corsicana, TX Micropolitan Statistical Area
18620   48349      Navarro County, TX

18660           Cortland, NY Micropolitan Statistical Area
18660   36023      Cortland County, NY

18740           Coshocton, OH Micropolitan Statistical Area
18740   39031      Coshocton County, OH

18820           Crawfordsville, IN Micropolitan Statistical Area
18820   18107      Montgomery County, IN

18860           Crescent City, CA Micropolitan Statistical Area
18860   06015      Del Norte County, CA

18900           Crossville, TN Micropolitan Statistical Area
18900   47035      Cumberland County, TN

18940           Crowley, LA Micropolitan Statistical Area
18940   22001      Acadia Parish, LA

18980           Cullman, AL Micropolitan Statistical Area
18980   01043      Cullman County, AL

19020           Culpeper, VA Micropolitan Statistical Area
19020   51047      Culpeper County, VA

19220           Danville, KY Micropolitan Statistical Area
19220   21021      Boyle County, KY
19220   21137      Lincoln County, KY

19300           Daphne-Fairhope-Foley, AL Micropolitan Statistical Area
19300   01003      Baldwin County, AL

19540           Decatur, IN Micropolitan Statistical Area
19540   18001      Adams County, IN

19580           Defiance, OH Micropolitan Statistical Area
19580   39039      Defiance County, OH

19620           Del Rio, TX Micropolitan Statistical Area
19620   48465      Val Verde County, TX

19700           Deming, NM Micropolitan Statistical Area
19700   35029      Luna County, NM

19760           De Ridder, LA Micropolitan Statistical Area
19760   22011      Beauregard Parish, LA

19860           Dickinson, ND Micropolitan Statistical Area
19860   38007      Billings County, ND
19860   38089      Stark County, ND

19900           Dillon, SC Micropolitan Statistical Area
19900   45033      Dillon County, SC

19940           Dixon, IL Micropolitan Statistical Area
19940   17103      Lee County, IL

19980           Dodge City, KS Micropolitan Statistical Area
19980   20057      Ford County, KS

20060           Douglas, GA Micropolitan Statistical Area
20060   13003      Atkinson County, GA
20060   13069      Coffee County, GA

20140           Dublin, GA Micropolitan Statistical Area
20140   13167      Johnson County, GA
20140   13175      Laurens County, GA

20180           DuBois, PA Micropolitan Statistical Area
20180   42033      Clearfield County, PA

20300           Dumas, TX Micropolitan Statistical Area
20300   48341      Moore County, TX

20340           Duncan, OK Micropolitan Statistical Area
20340   40137      Stephens County, OK

20380           Dunn, NC Micropolitan Statistical Area
20380   37085      Harnett County, NC

20420           Durango, CO Micropolitan Statistical Area
20420   08067      La Plata County, CO

20460           Durant, OK Micropolitan Statistical Area
20460   40013      Bryan County, OK

20540           Dyersburg, TN Micropolitan Statistical Area
20540   47045      Dyer County, TN

20580           Eagle Pass, TX Micropolitan Statistical Area
20580   48323      Maverick County, TX

20620           East Liverpool-Salem, OH Micropolitan Statistical Area
20620   39029      Columbiana County, OH

20660           Easton, MD Micropolitan Statistical Area
20660   24041      Talbot County, MD

20700           East Stroudsburg, PA Micropolitan Statistical Area
20700   42089      Monroe County, PA

20780           Edwards, CO Micropolitan Statistical Area
20780   08037      Eagle County, CO
20780   08065      Lake County, CO

20820           Effingham, IL Micropolitan Statistical Area
20820   17049      Effingham County, IL

20900           El Campo, TX Micropolitan Statistical Area
20900   48481      Wharton County, TX

20980           El Dorado, AR Micropolitan Statistical Area
20980   05139      Union County, AR

21020           Elizabeth City, NC Micropolitan Statistical Area
21020   37029      Camden County, NC
21020   37139      Pasquotank County, NC
21020   37143      Perquimans County, NC

21120           Elk City, OK Micropolitan Statistical Area
21120   40009      Beckham County, OK

21220           Elko, NV Micropolitan Statistical Area
21220   32007      Elko County, NV
21220   32011      Eureka County, NV

21260           Ellensburg, WA Micropolitan Statistical Area
21260   53037      Kittitas County, WA

21380           Emporia, KS Micropolitan Statistical Area
21380   20017      Chase County, KS
21380   20111      Lyon County, KS

21420           Enid, OK Micropolitan Statistical Area
21420   40047      Garfield County, OK

21460           Enterprise-Ozark, AL Micropolitan Statistical Area
21460   01031      Coffee County, AL
21460   01045      Dale County, AL

21540           Escanaba, MI Micropolitan Statistical Area
21540   26041      Delta County, MI

21580           Espanola, NM Micropolitan Statistical Area
21580   35039      Rio Arriba County, NM

21640           Eufaula, AL-GA Micropolitan Statistical Area
21640   01005      Barbour County, AL
21640   13239      Quitman County, GA

21700           Eureka-Arcata-Fortuna, CA Micropolitan Statistical Area
21700   06023      Humboldt County, CA

21740           Evanston, WY Micropolitan Statistical Area
21740   56041      Uinta County, WY

21860           Fairmont, MN Micropolitan Statistical Area
21860   27091      Martin County, MN

21900           Fairmont, WV Micropolitan Statistical Area
21900   54049      Marion County, WV

21980           Fallon, NV Micropolitan Statistical Area
21980   32001      Churchill County, NV

22060           Faribault-Northfield, MN Micropolitan Statistical Area
22060   27131      Rice County, MN

22100           Farmington, MO Micropolitan Statistical Area
22100   29187      St. Francois County, MO

22260           Fergus Falls, MN Micropolitan Statistical Area
22260   27111      Otter Tail County, MN

22280           Fernley, NV Micropolitan Statistical Area
22280   32019      Lyon County, NV

22300           Findlay, OH Micropolitan Statistical Area
22300   39063      Hancock County, OH

22340           Fitzgerald, GA Micropolitan Statistical Area
22340   13017      Ben Hill County, GA
22340   13155      Irwin County, GA

22580           Forest City, NC Micropolitan Statistical Area
22580   37161      Rutherford County, NC

22620           Forrest City, AR Micropolitan Statistical Area
22620   05123      St. Francis County, AR

22700           Fort Dodge, IA Micropolitan Statistical Area
22700   19187      Webster County, IA

22780           Fort Leonard Wood, MO Micropolitan Statistical Area
22780   29169      Pulaski County, MO

22800           Fort Madison-Keokuk, IA-MO Micropolitan Statistical Area
22800   19111      Lee County, IA
22800   29045      Clark County, MO

22820           Fort Morgan, CO Micropolitan Statistical Area
22820   08087      Morgan County, CO

22840           Fort Payne, AL Micropolitan Statistical Area
22840   01049      DeKalb County, AL

22860           Fort Polk South, LA Micropolitan Statistical Area
22860   22115      Vernon Parish, LA

22980           Fort Valley, GA Micropolitan Statistical Area
22980   13225      Peach County, GA

23140           Frankfort, IN Micropolitan Statistical Area
23140   18023      Clinton County, IN

23180           Frankfort, KY Micropolitan Statistical Area
23180   21005      Anderson County, KY
23180   21073      Franklin County, KY

23240           Fredericksburg, TX Micropolitan Statistical Area
23240   48171      Gillespie County, TX

23300           Freeport, IL Micropolitan Statistical Area
23300   17177      Stephenson County, IL

23340           Fremont, NE Micropolitan Statistical Area
23340   31053      Dodge County, NE

23380           Fremont, OH Micropolitan Statistical Area
23380   39143      Sandusky County, OH

23500           Gaffney, SC Micropolitan Statistical Area
23500   45021      Cherokee County, SC

23620           Gainesville, TX Micropolitan Statistical Area
23620   48097      Cooke County, TX

23660           Galesburg, IL Micropolitan Statistical Area
23660   17095      Knox County, IL
23660   17187      Warren County, IL

23700           Gallup, NM Micropolitan Statistical Area
23700   35031      McKinley County, NM

23780           Garden City, KS Micropolitan Statistical Area
23780   20055      Finney County, KS

23820           Gardnerville Ranchos, NV Micropolitan Statistical Area
23820   32005      Douglas County, NV

23860           Georgetown, SC Micropolitan Statistical Area
23860   45043      Georgetown County, SC

23900           Gettysburg, PA Micropolitan Statistical Area
23900   42001      Adams County, PA

23940           Gillette, WY Micropolitan Statistical Area
23940   56005      Campbell County, WY

23980           Glasgow, KY Micropolitan Statistical Area
23980   21009      Barren County, KY
23980   21169      Metcalfe County, KY

24100           Gloversville, NY Micropolitan Statistical Area
24100   36035      Fulton County, NY

24180           Granbury, TX Micropolitan Statistical Area
24180   48221      Hood County, TX
24180   48425      Somervell County, TX

24260           Grand Island, NE Micropolitan Statistical Area
24260   31079      Hall County, NE
24260   31093      Howard County, NE
24260   31121      Merrick County, NE

24380           Grants, NM Micropolitan Statistical Area
24380   35006      Cibola County, NM

24420           Grants Pass, OR Micropolitan Statistical Area
24420   41033      Josephine County, OR

24460           Great Bend, KS Micropolitan Statistical Area
24460   20009      Barton County, KS

24620           Greeneville, TN Micropolitan Statistical Area
24620   47059      Greene County, TN

24700           Greensburg, IN Micropolitan Statistical Area
24700   18031      Decatur County, IN

24740           Greenville, MS Micropolitan Statistical Area
24740   28151      Washington County, MS

24820           Greenville, OH Micropolitan Statistical Area
24820   39037      Darke County, OH

24900           Greenwood, MS Micropolitan Statistical Area
24900   28015      Carroll County, MS
24900   28083      Leflore County, MS

24940           Greenwood, SC Micropolitan Statistical Area
24940   45047      Greenwood County, SC

24980           Grenada, MS Micropolitan Statistical Area
24980   28043      Grenada County, MS

25100           Guymon, OK Micropolitan Statistical Area
25100   40139      Texas County, OK

25220           Hammond, LA Micropolitan Statistical Area
25220   22105      Tangipahoa Parish, LA

25300           Hannibal, MO Micropolitan Statistical Area
25300   29127      Marion County, MO
25300   29173      Ralls County, MO

25340           Harriman, TN Micropolitan Statistical Area
25340   47145      Roane County, TN

25380           Harrisburg, IL Micropolitan Statistical Area
25380   17165      Saline County, IL

25460           Harrison, AR Micropolitan Statistical Area
25460   05009      Boone County, AR
25460   05101      Newton County, AR

25580           Hastings, NE Micropolitan Statistical Area
25580   31001      Adams County, NE
25580   31035      Clay County, NE

25660           Havre, MT Micropolitan Statistical Area
25660   30041      Hill County, MT

25700           Hays, KS Micropolitan Statistical Area
25700   20051      Ellis County, KS

25720           Heber, UT Micropolitan Statistical Area
25720   49051      Wasatch County, UT

25740           Helena, MT Micropolitan Statistical Area
25740   30043      Jefferson County, MT
25740   30049      Lewis and Clark County, MT

25760           Helena-West Helena, AR Micropolitan Statistical Area
25760   05107      Phillips County, AR

25780           Henderson, NC Micropolitan Statistical Area
25780   37181      Vance County, NC

25820           Hereford, TX Micropolitan Statistical Area
25820   48117      Deaf Smith County, TX

25900           Hilo, HI Micropolitan Statistical Area
25900   15001      Hawaii County, HI

25940           Hilton Head Island-Beaufort, SC Micropolitan Statistical Area
25940   45013      Beaufort County, SC
25940   45053      Jasper County, SC

26020           Hobbs, NM Micropolitan Statistical Area
26020   35025      Lea County, NM

26140           Homosassa Springs, FL Micropolitan Statistical Area
26140   12017      Citrus County, FL

26220           Hood River, OR Micropolitan Statistical Area
26220   41027      Hood River County, OR

26260           Hope, AR Micropolitan Statistical Area
26260   05057      Hempstead County, AR
26260   05099      Nevada County, AR

26340           Houghton, MI Micropolitan Statistical Area
26340   26061      Houghton County, MI
26340   26083      Keweenaw County, MI

26460           Hudson, NY Micropolitan Statistical Area
26460   36021      Columbia County, NY

26480           Humboldt, TN Micropolitan Statistical Area
26480   47053      Gibson County, TN

26500           Huntingdon, PA Micropolitan Statistical Area
26500   42061      Huntingdon County, PA

26540           Huntington, IN Micropolitan Statistical Area
26540   18069      Huntington County, IN

26660           Huntsville, TX Micropolitan Statistical Area
26660   48471      Walker County, TX

26700           Huron, SD Micropolitan Statistical Area
26700   46005      Beadle County, SD

26740           Hutchinson, KS Micropolitan Statistical Area
26740   20155      Reno County, KS

26780           Hutchinson, MN Micropolitan Statistical Area
26780   27085      McLeod County, MN

26860           Indiana, PA Micropolitan Statistical Area
26860   42063      Indiana County, PA

26940           Indianola, MS Micropolitan Statistical Area
26940   28133      Sunflower County, MS

27020           Iron Mountain, MI-WI Micropolitan Statistical Area
27020   26043      Dickinson County, MI
27020   55037      Florence County, WI

27220           Jackson, WY-ID Micropolitan Statistical Area
27220   16081      Teton County, ID
27220   56039      Teton County, WY

27300           Jacksonville, IL Micropolitan Statistical Area
27300   17137      Morgan County, IL
27300   17171      Scott County, IL

27380           Jacksonville, TX Micropolitan Statistical Area
27380   48073      Cherokee County, TX

27420           Jamestown, ND Micropolitan Statistical Area
27420   38093      Stutsman County, ND

27460           Jamestown-Dunkirk-Fredonia, NY Micropolitan Statistical Area
27460   36013      Chautauqua County, NY

27540           Jasper, IN Micropolitan Statistical Area
27540   18037      Dubois County, IN
27540   18125      Pike County, IN

27580           Jayuya, PR Micropolitan Statistical Area
27580   72073      Jayuya Municipio, PR

27660           Jennings, LA Micropolitan Statistical Area
27660   22053      Jefferson Davis Parish, LA

27700           Jesup, GA Micropolitan Statistical Area
27700   13305      Wayne County, GA

27940           Juneau, AK Micropolitan Statistical Area
27940   02110      Juneau City and Borough, AK

27980           Kahului-Wailuku, HI Micropolitan Statistical Area
27980   15009      Maui County, HI

28060           Kalispell, MT Micropolitan Statistical Area
28060   30029      Flathead County, MT

28180           Kapaa, HI Micropolitan Statistical Area
28180   15007      Kauai County, HI

28260           Kearney, NE Micropolitan Statistical Area
28260   31019      Buffalo County, NE
28260   31099      Kearney County, NE

28300           Keene, NH Micropolitan Statistical Area
28300   33005      Cheshire County, NH

28340           Kendallville, IN Micropolitan Statistical Area
28340   18113      Noble County, IN

28380           Kennett, MO Micropolitan Statistical Area
28380   29069      Dunklin County, MO

28500           Kerrville, TX Micropolitan Statistical Area
28500   48265      Kerr County, TX

28540           Ketchikan, AK Micropolitan Statistical Area
28540   02130      Ketchikan Gateway Borough, AK

28580           Key West, FL Micropolitan Statistical Area
28580   12087      Monroe County, FL

28620           Kill Devil Hills, NC Micropolitan Statistical Area
28620   37055      Dare County, NC

28780           Kingsville, TX Micropolitan Statistical Area
28780   48261      Kenedy County, TX
28780   48273      Kleberg County, TX

28820           Kinston, NC Micropolitan Statistical Area
28820   37107      Lenoir County, NC

28860           Kirksville, MO Micropolitan Statistical Area
28860   29001      Adair County, MO
28860   29197      Schuyler County, MO

28900           Klamath Falls, OR Micropolitan Statistical Area
28900   41035      Klamath County, OR

28980           Kodiak, AK Micropolitan Statistical Area
28980   02150      Kodiak Island Borough, AK

29060           Laconia, NH Micropolitan Statistical Area
29060   33001      Belknap County, NH

29220           La Follette, TN Micropolitan Statistical Area
29220   47013      Campbell County, TN

29260           La Grande, OR Micropolitan Statistical Area
29260   41061      Union County, OR

29300           LaGrange, GA Micropolitan Statistical Area
29300   13285      Troup County, GA

29380           Lake City, FL Micropolitan Statistical Area
29380   12023      Columbia County, FL

29500           Lamesa, TX Micropolitan Statistical Area
29500   48115      Dawson County, TX

29580           Lancaster, SC Micropolitan Statistical Area
29580   45057      Lancaster County, SC

29660           Laramie, WY Micropolitan Statistical Area
29660   56001      Albany County, WY

29780           Las Vegas, NM Micropolitan Statistical Area
29780   35047      San Miguel County, NM

29860           Laurel, MS Micropolitan Statistical Area
29860   28061      Jasper County, MS
29860   28067      Jones County, MS

29900           Laurinburg, NC Micropolitan Statistical Area
29900   37165      Scotland County, NC

29980           Lawrenceburg, TN Micropolitan Statistical Area
29980   47099      Lawrence County, TN

30060           Lebanon, MO Micropolitan Statistical Area
30060   29105      Laclede County, MO

30100           Lebanon, NH-VT Micropolitan Statistical Area
30100   33009      Grafton County, NH
30100   50017      Orange County, VT
30100   50027      Windsor County, VT

30220           Levelland, TX Micropolitan Statistical Area
30220   48219      Hockley County, TX

30260           Lewisburg, PA Micropolitan Statistical Area
30260   42119      Union County, PA

30280           Lewisburg, TN Micropolitan Statistical Area
30280   47117      Marshall County, TN

30380           Lewistown, PA Micropolitan Statistical Area
30380   42087      Mifflin County, PA

30420           Lexington, NE Micropolitan Statistical Area
30420   31047      Dawson County, NE
30420   31073      Gosper County, NE

30500           Lexington Park, MD Micropolitan Statistical Area
30500   24037      St. Mary's County, MD

30580           Liberal, KS Micropolitan Statistical Area
30580   20175      Seward County, KS

30660           Lincoln, IL Micropolitan Statistical Area
30660   17107      Logan County, IL

30740           Lincolnton, NC Micropolitan Statistical Area
30740   37109      Lincoln County, NC

30820           Lock Haven, PA Micropolitan Statistical Area
30820   42035      Clinton County, PA

30900           Logansport, IN Micropolitan Statistical Area
30900   18017      Cass County, IN

30940           London, KY Micropolitan Statistical Area
30940   21125      Laurel County, KY

31060           Los Alamos, NM Micropolitan Statistical Area
31060   35028      Los Alamos County, NM

31260           Lufkin, TX Micropolitan Statistical Area
31260   48005      Angelina County, TX

31300           Lumberton, NC Micropolitan Statistical Area
31300   37155      Robeson County, NC

31380           Macomb, IL Micropolitan Statistical Area
31380   17109      McDonough County, IL

31500           Madison, IN Micropolitan Statistical Area
31500   18077      Jefferson County, IN

31580           Madisonville, KY Micropolitan Statistical Area
31580   21107      Hopkins County, KY

31620           Magnolia, AR Micropolitan Statistical Area
31620   05027      Columbia County, AR

31660           Malone, NY Micropolitan Statistical Area
31660   36033      Franklin County, NY

31740           Manhattan, KS Micropolitan Statistical Area
31740   20061      Geary County, KS
31740   20149      Pottawatomie County, KS
31740   20161      Riley County, KS

31820           Manitowoc, WI Micropolitan Statistical Area
31820   55071      Manitowoc County, WI

31860           Mankato-North Mankato, MN Micropolitan Statistical Area
31860   27013      Blue Earth County, MN
31860   27103      Nicollet County, MN

31940           Marinette, WI-MI Micropolitan Statistical Area
31940   26109      Menominee County, MI
31940   55075      Marinette County, WI

31980           Marion, IN Micropolitan Statistical Area
31980   18053      Grant County, IN

32020           Marion, OH Micropolitan Statistical Area
32020   39101      Marion County, OH

32060           Marion-Herrin, IL Micropolitan Statistical Area
32060   17199      Williamson County, IL

32100           Marquette, MI Micropolitan Statistical Area
32100   26103      Marquette County, MI

32140           Marshall, MN Micropolitan Statistical Area
32140   27083      Lyon County, MN

32180           Marshall, MO Micropolitan Statistical Area
32180   29195      Saline County, MO

32220           Marshall, TX Micropolitan Statistical Area
32220   48203      Harrison County, TX

32260           Marshalltown, IA Micropolitan Statistical Area
32260   19127      Marshall County, IA

32270           Marshfield-Wisconsin Rapids, WI Micropolitan Statistical Area
32270   55141      Wood County, WI

32280           Martin, TN Micropolitan Statistical Area
32280   47183      Weakley County, TN

32300           Martinsville, VA Micropolitan Statistical Area
32300   51089      Henry County, VA
32300   51690      Martinsville city, VA

32340           Maryville, MO Micropolitan Statistical Area
32340   29147      Nodaway County, MO

32380           Mason City, IA Micropolitan Statistical Area
32380   19033      Cerro Gordo County, IA
32380   19195      Worth County, IA

32460           Mayfield, KY Micropolitan Statistical Area
32460   21083      Graves County, KY

32500           Maysville, KY Micropolitan Statistical Area
32500   21135      Lewis County, KY
32500   21161      Mason County, KY

32540           McAlester, OK Micropolitan Statistical Area
32540   40121      Pittsburg County, OK

32620           McComb, MS Micropolitan Statistical Area
32620   28005      Amite County, MS
32620   28113      Pike County, MS

32660           McMinnville, TN Micropolitan Statistical Area
32660   47177      Warren County, TN

32700           McPherson, KS Micropolitan Statistical Area
32700   20113      McPherson County, KS

32740           Meadville, PA Micropolitan Statistical Area
32740   42039      Crawford County, PA

32860           Menomonie, WI Micropolitan Statistical Area
32860   55033      Dunn County, WI

32940           Meridian, MS Micropolitan Statistical Area
32940   28023      Clarke County, MS
32940   28069      Kemper County, MS
32940   28075      Lauderdale County, MS

32980           Merrill, WI Micropolitan Statistical Area
32980   55069      Lincoln County, WI

33020           Mexico, MO Micropolitan Statistical Area
33020   29007      Audrain County, MO

33060           Miami, OK Micropolitan Statistical Area
33060   40115      Ottawa County, OK

33180           Middlesborough, KY Micropolitan Statistical Area
33180   21013      Bell County, KY

33220           Midland, MI Micropolitan Statistical Area
33220   26111      Midland County, MI

33300           Milledgeville, GA Micropolitan Statistical Area
33300   13009      Baldwin County, GA
33300   13141      Hancock County, GA

33380           Minden, LA Micropolitan Statistical Area
33380   22119      Webster Parish, LA

33420           Mineral Wells, TX Micropolitan Statistical Area
33420   48363      Palo Pinto County, TX

33500           Minot, ND Micropolitan Statistical Area
33500   38049      McHenry County, ND
33500   38075      Renville County, ND
33500   38101      Ward County, ND

33580           Mitchell, SD Micropolitan Statistical Area
33580   46035      Davison County, SD
33580   46061      Hanson County, SD

33620           Moberly, MO Micropolitan Statistical Area
33620   29175      Randolph County, MO

33820           Monroe, WI Micropolitan Statistical Area
33820   55045      Green County, WI

33940           Montrose, CO Micropolitan Statistical Area
33940   08085      Montrose County, CO

33980           Morehead City, NC Micropolitan Statistical Area
33980   37031      Carteret County, NC

34020           Morgan City, LA Micropolitan Statistical Area
34020   22101      St. Mary Parish, LA

34140           Moscow, ID Micropolitan Statistical Area
34140   16057      Latah County, ID

34180           Moses Lake, WA Micropolitan Statistical Area
34180   53025      Grant County, WA

34220           Moultrie, GA Micropolitan Statistical Area
34220   13071      Colquitt County, GA

34260           Mountain Home, AR Micropolitan Statistical Area
34260   05005      Baxter County, AR

34300           Mountain Home, ID Micropolitan Statistical Area
34300   16039      Elmore County, ID

34340           Mount Airy, NC Micropolitan Statistical Area
34340   37171      Surry County, NC

34380           Mount Pleasant, MI Micropolitan Statistical Area
34380   26073      Isabella County, MI

34420           Mount Pleasant, TX Micropolitan Statistical Area
34420   48449      Titus County, TX

34460           Mount Sterling, KY Micropolitan Statistical Area
34460   21011      Bath County, KY
34460   21165      Menifee County, KY
34460   21173      Montgomery County, KY

34500           Mount Vernon, IL Micropolitan Statistical Area
34500   17065      Hamilton County, IL
34500   17081      Jefferson County, IL

34540           Mount Vernon, OH Micropolitan Statistical Area
34540   39083      Knox County, OH

34660           Murray, KY Micropolitan Statistical Area
34660   21035      Calloway County, KY

34700           Muscatine, IA Micropolitan Statistical Area
34700   19115      Louisa County, IA
34700   19139      Muscatine County, IA

34780           Muskogee, OK Micropolitan Statistical Area
34780   40101      Muskogee County, OK

34860           Nacogdoches, TX Micropolitan Statistical Area
34860   48347      Nacogdoches County, TX

35020           Natchez, MS-LA Micropolitan Statistical Area
35020   22029      Concordia Parish, LA
35020   28001      Adams County, MS

35060           Natchitoches, LA Micropolitan Statistical Area
35060   22069      Natchitoches Parish, LA

35100           New Bern, NC Micropolitan Statistical Area
35100   37049      Craven County, NC
35100   37103      Jones County, NC
35100   37137      Pamlico County, NC

35140           Newberry, SC Micropolitan Statistical Area
35140   45071      Newberry County, SC

35220           New Castle, IN Micropolitan Statistical Area
35220   18065      Henry County, IN

35260           New Castle, PA Micropolitan Statistical Area
35260   42073      Lawrence County, PA

35340           New Iberia, LA Micropolitan Statistical Area
35340   22045      Iberia Parish, LA

35420           New Philadelphia-Dover, OH Micropolitan Statistical Area
35420   39157      Tuscarawas County, OH

35460           Newport, TN Micropolitan Statistical Area
35460   47029      Cocke County, TN

35500           Newton, IA Micropolitan Statistical Area
35500   19099      Jasper County, IA

35580           New Ulm, MN Micropolitan Statistical Area
35580   27015      Brown County, MN

35700           Nogales, AZ Micropolitan Statistical Area
35700   04023      Santa Cruz County, AZ

35740           Norfolk, NE Micropolitan Statistical Area
35740   31119      Madison County, NE
35740   31139      Pierce County, NE
35740   31167      Stanton County, NE

35820           North Platte, NE Micropolitan Statistical Area
35820   31111      Lincoln County, NE
35820   31113      Logan County, NE
35820   31117      McPherson County, NE

35860           North Vernon, IN Micropolitan Statistical Area
35860   18079      Jennings County, IN

35900           North Wilkesboro, NC Micropolitan Statistical Area
35900   37193      Wilkes County, NC

35940           Norwalk, OH Micropolitan Statistical Area
35940   39077      Huron County, OH

36020           Oak Harbor, WA Micropolitan Statistical Area
36020   53029      Island County, WA

36060           Oak Hill, WV Micropolitan Statistical Area
36060   54019      Fayette County, WV

36180           Ocean Pines, MD Micropolitan Statistical Area
36180   24047      Worcester County, MD

36300           Ogdensburg-Massena, NY Micropolitan Statistical Area
36300   36089      St. Lawrence County, NY

36340           Oil City, PA Micropolitan Statistical Area
36340   42121      Venango County, PA

36380           Okeechobee, FL Micropolitan Statistical Area
36380   12093      Okeechobee County, FL

36460           Olean, NY Micropolitan Statistical Area
36460   36009      Cattaraugus County, NY

36580           Oneonta, NY Micropolitan Statistical Area
36580   36077      Otsego County, NY

36620           Ontario, OR-ID Micropolitan Statistical Area
36620   16075      Payette County, ID
36620   41045      Malheur County, OR

36660           Opelousas-Eunice, LA Micropolitan Statistical Area
36660   22097      St. Landry Parish, LA

36700           Orangeburg, SC Micropolitan Statistical Area
36700   45075      Orangeburg County, SC

36820           Oskaloosa, IA Micropolitan Statistical Area
36820   19123      Mahaska County, IA

36860           Ottawa-Streator, IL Micropolitan Statistical Area
36860   17011      Bureau County, IL
36860   17099      La Salle County, IL
36860   17155      Putnam County, IL

36900           Ottumwa, IA Micropolitan Statistical Area
36900   19179      Wapello County, IA

36940           Owatonna, MN Micropolitan Statistical Area
36940   27147      Steele County, MN

37020           Owosso, MI Micropolitan Statistical Area
37020   26155      Shiawassee County, MI

37060           Oxford, MS Micropolitan Statistical Area
37060   28071      Lafayette County, MS

37140           Paducah, KY-IL Micropolitan Statistical Area
37140   17127      Massac County, IL
37140   21007      Ballard County, KY
37140   21139      Livingston County, KY
37140   21145      McCracken County, KY

37220           Pahrump, NV Micropolitan Statistical Area
37220   32023      Nye County, NV

37260           Palatka, FL Micropolitan Statistical Area
37260   12107      Putnam County, FL

37300           Palestine, TX Micropolitan Statistical Area
37300   48001      Anderson County, TX

37420           Pampa, TX Micropolitan Statistical Area
37420   48179      Gray County, TX
37420   48393      Roberts County, TX

37500           Paragould, AR Micropolitan Statistical Area
37500   05055      Greene County, AR

37540           Paris, TN Micropolitan Statistical Area
37540   47079      Henry County, TN

37580           Paris, TX Micropolitan Statistical Area
37580   48277      Lamar County, TX

37660           Parsons, KS Micropolitan Statistical Area
37660   20099      Labette County, KS

37740           Payson, AZ Micropolitan Statistical Area
37740   04007      Gila County, AZ

37780           Pecos, TX Micropolitan Statistical Area
37780   48389      Reeves County, TX

37800           Pella, IA Micropolitan Statistical Area
37800   19125      Marion County, IA

37820           Pendleton-Hermiston, OR Micropolitan Statistical Area
37820   41049      Morrow County, OR
37820   41059      Umatilla County, OR

37940           Peru, IN Micropolitan Statistical Area
37940   18103      Miami County, IN

38020           Phoenix Lake-Cedar Ridge, CA Micropolitan Statistical Area
38020   06109      Tuolumne County, CA

38100           Picayune, MS Micropolitan Statistical Area
38100   28109      Pearl River County, MS

38180           Pierre, SD Micropolitan Statistical Area
38180   46065      Hughes County, SD
38180   46117      Stanley County, SD

38200           Pierre Part, LA Micropolitan Statistical Area
38200   22007      Assumption Parish, LA

38260           Pittsburg, KS Micropolitan Statistical Area
38260   20037      Crawford County, KS

38380           Plainview, TX Micropolitan Statistical Area
38380   48189      Hale County, TX

38420           Platteville, WI Micropolitan Statistical Area
38420   55043      Grant County, WI

38460           Plattsburgh, NY Micropolitan Statistical Area
38460   36019      Clinton County, NY

38500           Plymouth, IN Micropolitan Statistical Area
38500   18099      Marshall County, IN

38580           Point Pleasant, WV-OH Micropolitan Statistical Area
38580   39053      Gallia County, OH
38580   54053      Mason County, WV

38620           Ponca City, OK Micropolitan Statistical Area
38620   40071      Kay County, OK

38700           Pontiac, IL Micropolitan Statistical Area
38700   17105      Livingston County, IL

38740           Poplar Bluff, MO Micropolitan Statistical Area
38740   29023      Butler County, MO

38780           Portales, NM Micropolitan Statistical Area
38780   35041      Roosevelt County, NM

38820           Port Angeles, WA Micropolitan Statistical Area
38820   53009      Clallam County, WA

39020           Portsmouth, OH Micropolitan Statistical Area
39020   39145      Scioto County, OH

39060           Pottsville, PA Micropolitan Statistical Area
39060   42107      Schuylkill County, PA

39220           Price, UT Micropolitan Statistical Area
39220   49007      Carbon County, UT

39260           Prineville, OR Micropolitan Statistical Area
39260   41013      Crook County, OR

39420           Pullman, WA Micropolitan Statistical Area
39420   53075      Whitman County, WA

39500           Quincy, IL-MO Micropolitan Statistical Area
39500   17001      Adams County, IL
39500   29111      Lewis County, MO

39700           Raymondville, TX Micropolitan Statistical Area
39700   48489      Willacy County, TX

39780           Red Bluff, CA Micropolitan Statistical Area
39780   06103      Tehama County, CA

39860           Red Wing, MN Micropolitan Statistical Area
39860   27049      Goodhue County, MN

39940           Rexburg, ID Micropolitan Statistical Area
39940   16043      Fremont County, ID
39940   16065      Madison County, ID

39980           Richmond, IN Micropolitan Statistical Area
39980   18177      Wayne County, IN

40080           Richmond-Berea, KY Micropolitan Statistical Area
40080   21151      Madison County, KY
40080   21203      Rockcastle County, KY

40100           Rio Grande City-Roma, TX Micropolitan Statistical Area
40100   48427      Starr County, TX

40180           Riverton, WY Micropolitan Statistical Area
40180   56013      Fremont County, WY

40260           Roanoke Rapids, NC Micropolitan Statistical Area
40260   37083      Halifax County, NC
40260   37131      Northampton County, NC

40300           Rochelle, IL Micropolitan Statistical Area
40300   17141      Ogle County, IL

40460           Rockingham, NC Micropolitan Statistical Area
40460   37153      Richmond County, NC

40500           Rockland, ME Micropolitan Statistical Area
40500   23013      Knox County, ME

40540           Rock Springs, WY Micropolitan Statistical Area
40540   56037      Sweetwater County, WY

40620           Rolla, MO Micropolitan Statistical Area
40620   29161      Phelps County, MO

40700           Roseburg, OR Micropolitan Statistical Area
40700   41019      Douglas County, OR

40740           Roswell, NM Micropolitan Statistical Area
40740   35005      Chaves County, NM

40760           Ruidoso, NM Micropolitan Statistical Area
40760   35027      Lincoln County, NM

40780           Russellville, AR Micropolitan Statistical Area
40780   05115      Pope County, AR
40780   05149      Yell County, AR

40820           Ruston, LA Micropolitan Statistical Area
40820   22049      Jackson Parish, LA
40820   22061      Lincoln Parish, LA

40860           Rutland, VT Micropolitan Statistical Area
40860   50021      Rutland County, VT

40940           Safford, AZ Micropolitan Statistical Area
40940   04009      Graham County, AZ
40940   04011      Greenlee County, AZ

41220           St. Marys, GA Micropolitan Statistical Area
41220   13039      Camden County, GA

41260           St. Marys, PA Micropolitan Statistical Area
41260   42047      Elk County, PA

41460           Salina, KS Micropolitan Statistical Area
41460   20143      Ottawa County, KS
41460   20169      Saline County, KS

41580           Salisbury, NC Micropolitan Statistical Area
41580   37159      Rowan County, NC

41820           Sanford, NC Micropolitan Statistical Area
41820   37105      Lee County, NC

42180           Santa Isabel, PR Micropolitan Statistical Area
42180   72133      Santa Isabel Municipio, PR

42300           Sault Ste. Marie, MI Micropolitan Statistical Area
42300   26033      Chippewa County, MI

42380           Sayre, PA Micropolitan Statistical Area
42380   42015      Bradford County, PA

42420           Scottsbluff, NE Micropolitan Statistical Area
42420   31007      Banner County, NE
42420   31157      Scotts Bluff County, NE

42460           Scottsboro, AL Micropolitan Statistical Area
42460   01071      Jackson County, AL

42500           Scottsburg, IN Micropolitan Statistical Area
42500   18143      Scott County, IN

42580           Seaford, DE Micropolitan Statistical Area
42580   10005      Sussex County, DE

42620           Searcy, AR Micropolitan Statistical Area
42620   05145      White County, AR

42700           Sebring, FL Micropolitan Statistical Area
42700   12055      Highlands County, FL

42740           Sedalia, MO Micropolitan Statistical Area
42740   29159      Pettis County, MO

42780           Selinsgrove, PA Micropolitan Statistical Area
42780   42109      Snyder County, PA

42820           Selma, AL Micropolitan Statistical Area
42820   01047      Dallas County, AL

42860           Seneca, SC Micropolitan Statistical Area
42860   45073      Oconee County, SC

42900           Seneca Falls, NY Micropolitan Statistical Area
42900   36099      Seneca County, NY

42940           Sevierville, TN Micropolitan Statistical Area
42940   47155      Sevier County, TN

42980           Seymour, IN Micropolitan Statistical Area
42980   18071      Jackson County, IN

43060           Shawnee, OK Micropolitan Statistical Area
43060   40125      Pottawatomie County, OK

43140           Shelby, NC Micropolitan Statistical Area
43140   37045      Cleveland County, NC

43180           Shelbyville, TN Micropolitan Statistical Area
43180   47003      Bedford County, TN

43220           Shelton, WA Micropolitan Statistical Area
43220   53045      Mason County, WA

43260           Sheridan, WY Micropolitan Statistical Area
43260   56033      Sheridan County, WY

43320           Show Low, AZ Micropolitan Statistical Area
43320   04017      Navajo County, AZ

43380           Sidney, OH Micropolitan Statistical Area
43380   39149      Shelby County, OH

43420           Sierra Vista-Douglas, AZ Micropolitan Statistical Area
43420   04003      Cochise County, AZ

43460           Sikeston, MO Micropolitan Statistical Area
43460   29201      Scott County, MO

43500           Silver City, NM Micropolitan Statistical Area
43500   35017      Grant County, NM

43540           Silverthorne, CO Micropolitan Statistical Area
43540   08117      Summit County, CO

43660           Snyder, TX Micropolitan Statistical Area
43660   48415      Scurry County, TX

43700           Somerset, KY Micropolitan Statistical Area
43700   21199      Pulaski County, KY

43740           Somerset, PA Micropolitan Statistical Area
43740   42111      Somerset County, PA

43860           Southern Pines-Pinehurst, NC Micropolitan Statistical Area
43860   37125      Moore County, NC

43940           Spearfish, SD Micropolitan Statistical Area
43940   46081      Lawrence County, SD

43980           Spencer, IA Micropolitan Statistical Area
43980   19041      Clay County, IA

44020           Spirit Lake, IA Micropolitan Statistical Area
44020   19059      Dickinson County, IA

44260           Starkville, MS Micropolitan Statistical Area
44260   28105      Oktibbeha County, MS

44340           Statesboro, GA Micropolitan Statistical Area
44340   13031      Bulloch County, GA

44380           Statesville-Mooresville, NC Micropolitan Statistical Area
44380   37097      Iredell County, NC

44420           Staunton-Waynesboro, VA Micropolitan Statistical Area
44420   51015      Augusta County, VA
44420   51790      Staunton city, VA
44420   51820      Waynesboro city, VA

44500           Stephenville, TX Micropolitan Statistical Area
44500   48143      Erath County, TX

44540           Sterling, CO Micropolitan Statistical Area
44540   08075      Logan County, CO

44580           Sterling, IL Micropolitan Statistical Area
44580   17195      Whiteside County, IL

44620           Stevens Point, WI Micropolitan Statistical Area
44620   55097      Portage County, WI

44660           Stillwater, OK Micropolitan Statistical Area
44660   40119      Payne County, OK

44740           Storm Lake, IA Micropolitan Statistical Area
44740   19021      Buena Vista County, IA

44780           Sturgis, MI Micropolitan Statistical Area
44780   26149      St. Joseph County, MI

44860           Sulphur Springs, TX Micropolitan Statistical Area
44860   48223      Hopkins County, TX

44900           Summerville, GA Micropolitan Statistical Area
44900   13055      Chattooga County, GA

44980           Sunbury, PA Micropolitan Statistical Area
44980   42097      Northumberland County, PA

45000           Susanville, CA Micropolitan Statistical Area
45000   06035      Lassen County, CA

45020           Sweetwater, TX Micropolitan Statistical Area
45020   48353      Nolan County, TX

45140           Tahlequah, OK Micropolitan Statistical Area
45140   40021      Cherokee County, OK

45180           Talladega-Sylacauga, AL Micropolitan Statistical Area
45180   01121      Talladega County, AL

45260           Tallulah, LA Micropolitan Statistical Area
45260   22065      Madison Parish, LA

45340           Taos, NM Micropolitan Statistical Area
45340   35055      Taos County, NM

45380           Taylorville, IL Micropolitan Statistical Area
45380   17021      Christian County, IL

45540           The Villages, FL Micropolitan Statistical Area
45540   12119      Sumter County, FL

45580           Thomaston, GA Micropolitan Statistical Area
45580   13293      Upson County, GA

45620           Thomasville, GA Micropolitan Statistical Area
45620   13275      Thomas County, GA

45640           Thomasville-Lexington, NC Micropolitan Statistical Area
45640   37057      Davidson County, NC

45660           Tiffin, OH Micropolitan Statistical Area
45660   39147      Seneca County, OH

45700           Tifton, GA Micropolitan Statistical Area
45700   13277      Tift County, GA

45740           Toccoa, GA Micropolitan Statistical Area
45740   13257      Stephens County, GA

45860           Torrington, CT Micropolitan Statistical Area
45860   09005      Litchfield County, CT

45900           Traverse City, MI Micropolitan Statistical Area
45900   26019      Benzie County, MI
45900   26055      Grand Traverse County, MI
45900   26079      Kalkaska County, MI
45900   26089      Leelanau County, MI

45980           Troy, AL Micropolitan Statistical Area
45980   01109      Pike County, AL

46020           Truckee-Grass Valley, CA Micropolitan Statistical Area
46020   06057      Nevada County, CA

46100           Tullahoma, TN Micropolitan Statistical Area
46100   47031      Coffee County, TN
46100   47051      Franklin County, TN
46100   47127      Moore County, TN

46180           Tupelo, MS Micropolitan Statistical Area
46180   28057      Itawamba County, MS
46180   28081      Lee County, MS
46180   28115      Pontotoc County, MS

46260           Tuskegee, AL Micropolitan Statistical Area
46260   01087      Macon County, AL

46300           Twin Falls, ID Micropolitan Statistical Area
46300   16053      Jerome County, ID
46300   16083      Twin Falls County, ID

46380           Ukiah, CA Micropolitan Statistical Area
46380   06045      Mendocino County, CA

46420           Union, SC Micropolitan Statistical Area
46420   45087      Union County, SC

46460           Union City, TN-KY Micropolitan Statistical Area
46460   21075      Fulton County, KY
46460   47131      Obion County, TN

46500           Urbana, OH Micropolitan Statistical Area
46500   39021      Champaign County, OH

46580           Utuado, PR Micropolitan Statistical Area
46580   72141      Utuado Municipio, PR

46620           Uvalde, TX Micropolitan Statistical Area
46620   48463      Uvalde County, TX

46740           Valley, AL Micropolitan Statistical Area
46740   01017      Chambers County, AL

46780           Van Wert, OH Micropolitan Statistical Area
46780   39161      Van Wert County, OH

46820           Vermillion, SD Micropolitan Statistical Area
46820   46027      Clay County, SD

46860           Vernal, UT Micropolitan Statistical Area
46860   49047      Uintah County, UT

46900           Vernon, TX Micropolitan Statistical Area
46900   48487      Wilbarger County, TX

46980           Vicksburg, MS Micropolitan Statistical Area
46980   28149      Warren County, MS

47080           Vidalia, GA Micropolitan Statistical Area
47080   13209      Montgomery County, GA
47080   13279      Toombs County, GA

47180           Vincennes, IN Micropolitan Statistical Area
47180   18083      Knox County, IN

47340           Wabash, IN Micropolitan Statistical Area
47340   18169      Wabash County, IN

47420           Wahpeton, ND-MN Micropolitan Statistical Area
47420   27167      Wilkin County, MN
47420   38077      Richland County, ND

47460           Walla Walla, WA Micropolitan Statistical Area
47460   53071      Walla Walla County, WA

47500           Walterboro, SC Micropolitan Statistical Area
47500   45029      Colleton County, SC

47540           Wapakoneta, OH Micropolitan Statistical Area
47540   39011      Auglaize County, OH

47620           Warren, PA Micropolitan Statistical Area
47620   42123      Warren County, PA

47660           Warrensburg, MO Micropolitan Statistical Area
47660   29101      Johnson County, MO

47700           Warsaw, IN Micropolitan Statistical Area
47700   18085      Kosciusko County, IN

47780           Washington, IN Micropolitan Statistical Area
47780   18027      Daviess County, IN

47820           Washington, NC Micropolitan Statistical Area
47820   37013      Beaufort County, NC

47920           Washington Court House, OH Micropolitan Statistical Area
47920   39047      Fayette County, OH

47980           Watertown, SD Micropolitan Statistical Area
47980   46029      Codington County, SD
47980   46057      Hamlin County, SD

48020           Watertown-Fort Atkinson, WI Micropolitan Statistical Area
48020   55055      Jefferson County, WI

48060           Watertown-Fort Drum, NY Micropolitan Statistical Area
48060   36045      Jefferson County, NY

48100           Wauchula, FL Micropolitan Statistical Area
48100   12049      Hardee County, FL

48180           Waycross, GA Micropolitan Statistical Area
48180   13229      Pierce County, GA
48180   13299      Ware County, GA

48460           West Plains, MO Micropolitan Statistical Area
48460   29091      Howell County, MO

48500           West Point, MS Micropolitan Statistical Area
48500   28025      Clay County, MS

48580           Whitewater, WI Micropolitan Statistical Area
48580   55127      Walworth County, WI

48740           Willimantic, CT Micropolitan Statistical Area
48740   09015      Windham County, CT

48780           Williston, ND Micropolitan Statistical Area
48780   38105      Williams County, ND

48820           Willmar, MN Micropolitan Statistical Area
48820   27067      Kandiyohi County, MN

48940           Wilmington, OH Micropolitan Statistical Area
48940   39027      Clinton County, OH

48980           Wilson, NC Micropolitan Statistical Area
48980   37195      Wilson County, NC

49060           Winfield, KS Micropolitan Statistical Area
49060   20035      Cowley County, KS

49100           Winona, MN Micropolitan Statistical Area
49100   27169      Winona County, MN

49260           Woodward, OK Micropolitan Statistical Area
49260   40153      Woodward County, OK

49300           Wooster, OH Micropolitan Statistical Area
49300   39169      Wayne County, OH

49380           Worthington, MN Micropolitan Statistical Area
49380   27105      Nobles County, MN

49460           Yankton, SD Micropolitan Statistical Area
49460   46135      Yankton County, SD

49540           Yazoo City, MS Micropolitan Statistical Area
49540   28163      Yazoo County, MS

49780           Zanesville, OH Micropolitan Statistical Area
49780   39119      Muskingum County, OH




