"cbsa","cbsaname","intptlon","intptlat","pop2k","afact"
"cbsa","CBSA Name","Wtd centroid W longitude, degrees","Wtd centroid latitude, degrees","Total Pop, 2000 census","cbsa to cbsa alloc factor"
" "," ",-90.984558,38.711639,19190644,1 
"10020","Abbeville, LA Micropolitan Statistical Area",-92.174303,29.984629,53807,1 
"10100","Aberdeen, SD Micropolitan Statistical Area",-98.526062,45.477781,39827,1 
"10140","Aberdeen, WA Micropolitan Statistical Area",-123.763184,46.995579,67194,1 
"10180","Abilene, TX Metropolitan Statistical Area",-99.749932,32.458902,160245,1 
"10220","Ada, OK Micropolitan Statistical Area",-96.670736,34.773416,35143,1 
"10300","Adrian, MI Micropolitan Statistical Area",-84.05286,41.92302,98890,1 
"10420","Akron, OH Metropolitan Statistical Area",-81.459275,41.123598,694960,1 
"10460","Alamogordo, NM Micropolitan Statistical Area",-105.959318,32.869209,62298,1 
"10500","Albany, GA Metropolitan Statistical Area",-84.145921,31.592437,157833,1 
"10540","Albany-Lebanon, OR Micropolitan Statistical Area",-122.952549,44.552049,103069,1 
"10580","Albany-Schenectady-Troy, NY Metropolitan Statistical Area",-73.82052,42.784631,825875,1 
"10620","Albemarle, NC Micropolitan Statistical Area",-80.244066,35.321823,58100,1 
"10660","Albert Lea, MN Micropolitan Statistical Area",-93.361793,43.662104,32584,1 
"10700","Albertville, AL Micropolitan Statistical Area",-86.296816,34.315395,82231,1 
"10740","Albuquerque, NM Metropolitan Statistical Area",-106.607279,35.098561,729649,1 
"10760","Alexander City, AL Micropolitan Statistical Area",-85.928173,32.884829,53677,1 
"10780","Alexandria, LA Metropolitan Statistical Area",-92.472916,31.318111,145035,1 
"10820","Alexandria, MN Micropolitan Statistical Area",-95.394861,45.909622,32821,1 
"10860","Alice, TX Micropolitan Statistical Area",-98.067926,27.743394,39326,1 
"10880","Allegan, MI Micropolitan Statistical Area",-85.880968,42.599837,105665,1 
"10900","Allentown-Bethlehem-Easton, PA-NJ Metropolitan Statistical Area",-75.388403,40.685114,740395,1 
"10940","Alma, MI Micropolitan Statistical Area",-84.629605,43.341767,42285,1 
"10980","Alpena, MI Micropolitan Statistical Area",-83.502062,45.051064,31314,1 
"11020","Altoona, PA Metropolitan Statistical Area",-78.37746,40.487307,129144,1 
"11060","Altus, OK Micropolitan Statistical Area",-99.333207,34.652691,28439,1 
"11100","Amarillo, TX Metropolitan Statistical Area",-101.840437,35.178626,226522,1 
"11140","Americus, GA Micropolitan Statistical Area",-84.228803,32.078134,36966,1 
"11180","Ames, IA Metropolitan Statistical Area",-93.594756,42.027888,79981,1 
"11220","Amsterdam, NY Micropolitan Statistical Area",-74.341958,42.933637,49708,1 
"11260","Anchorage, AK Metropolitan Statistical Area",-149.724822,61.272167,319605,1 
"11300","Anderson, IN Metropolitan Statistical Area",-85.703998,40.123519,133358,1 
"11340","Anderson, SC Metropolitan Statistical Area",-82.619108,34.549686,165740,1 
"11380","Andrews, TX Micropolitan Statistical Area",-102.541839,32.320471,13004,1 
"11420","Angola, IN Micropolitan Statistical Area",-85.013778,41.648179,33214,1 
"11460","Ann Arbor, MI Metropolitan Statistical Area",-83.725163,42.258981,322895,1 
"11500","Anniston-Oxford, AL Metropolitan Statistical Area",-85.822006,33.722127,112249,1 
"11540","Appleton, WI Metropolitan Statistical Area",-88.369571,44.274045,201602,1 
"11580","Arcadia, FL Micropolitan Statistical Area",-81.867398,27.189963,32209,1 
"11620","Ardmore, OK Micropolitan Statistical Area",-97.199766,34.150583,54452,1 
"11660","Arkadelphia, AR Micropolitan Statistical Area",-93.121978,34.089618,23546,1 
"11700","Asheville, NC Metropolitan Statistical Area",-82.593077,35.531298,369171,1 
"11740","Ashland, OH Micropolitan Statistical Area",-82.287324,40.850931,52523,1 
"11780","Ashtabula, OH Micropolitan Statistical Area",-80.769885,41.799513,102728,1 
"11820","Astoria, OR Micropolitan Statistical Area",-123.833002,46.100674,35630,1 
"11860","Atchison, KS Micropolitan Statistical Area",-95.184241,39.554814,16774,1 
"11900","Athens, OH Micropolitan Statistical Area",-82.099357,39.347266,62223,1 
"11940","Athens, TN Micropolitan Statistical Area",-84.597087,35.422666,49015,1 
"11980","Athens, TX Micropolitan Statistical Area",-95.897297,32.23783,73277,1 
"12020","Athens-Clarke County, GA Metropolitan Statistical Area",-83.350435,33.95963,166079,1 
"12060","Atlanta-Sandy Springs-Marietta, GA Metropolitan Statistical Area",-84.358153,33.811386,4247981,1 
"12100","Atlantic City-Hammonton, NJ Metropolitan Statistical Area",-74.573769,39.423226,252552,1 
"12140","Auburn, IN Micropolitan Statistical Area",-85.034218,41.379751,40285,1 
"12180","Auburn, NY Micropolitan Statistical Area",-76.560853,42.940095,81963,1 
"12220","Auburn-Opelika, AL Metropolitan Statistical Area",-85.352567,32.59172,115092,1 
"12260","Augusta-Richmond County, GA-SC Metropolitan Statistical Area",-81.996462,33.475408,499684,1 
"12300","Augusta-Waterville, ME Micropolitan Statistical Area",-69.747919,44.396849,117114,1 
"12380","Austin, MN Micropolitan Statistical Area",-92.898267,43.664354,38603,1 
"12420","Austin-Round Rock, TX Metropolitan Statistical Area",-97.737109,30.311648,1249763,1 
"12460","Bainbridge, GA Micropolitan Statistical Area",-84.567243,30.883799,28240,1 
"12540","Bakersfield, CA Metropolitan Statistical Area",-118.916924,35.372878,661645,1 
"12580","Baltimore-Towson, MD Metropolitan Statistical Area",-76.626065,39.299148,2552994,1 
"12620","Bangor, ME Metropolitan Statistical Area",-68.787052,44.967341,144919,1 
"12660","Baraboo, WI Micropolitan Statistical Area",-89.871536,43.44317,55225,1 
"12700","Barnstable Town, MA Metropolitan Statistical Area",-70.327876,41.690295,222230,1 
"12740","Barre, VT Micropolitan Statistical Area",-72.583157,44.241416,58039,1 
"12780","Bartlesville, OK Micropolitan Statistical Area",-95.940275,36.732369,48996,1 
"12820","Bastrop, LA Micropolitan Statistical Area",-91.884102,32.787134,31021,1 
"12860","Batavia, NY Micropolitan Statistical Area",-78.17267,43.000121,60370,1 
"12900","Batesville, AR Micropolitan Statistical Area",-91.609345,35.748,34233,1 
"12940","Baton Rouge, LA Metropolitan Statistical Area",-91.07517,30.465099,705973,1 
"12980","Battle Creek, MI Metropolitan Statistical Area",-85.099185,42.290305,137985,1 
"13020","Bay City, MI Metropolitan Statistical Area",-83.92606,43.631787,110157,1 
"13060","Bay City, TX Micropolitan Statistical Area",-96.001687,28.916087,37957,1 
"13100","Beatrice, NE Micropolitan Statistical Area",-96.715723,40.267976,22993,1 
"13140","Beaumont-Port Arthur, TX Metropolitan Statistical Area",-94.042798,30.070519,385090,1 
"13180","Beaver Dam, WI Micropolitan Statistical Area",-88.712408,43.434888,85897,1 
"13220","Beckley, WV Micropolitan Statistical Area",-81.208059,37.77025,79220,1 
"13260","Bedford, IN Micropolitan Statistical Area",-86.494106,38.845154,45922,1 
"13300","Beeville, TX Micropolitan Statistical Area",-97.737518,28.398256,32359,1 
"13340","Bellefontaine, OH Micropolitan Statistical Area",-83.783022,40.387629,46005,1 
"13380","Bellingham, WA Metropolitan Statistical Area",-122.483411,48.818831,166814,1 
"13420","Bemidji, MN Micropolitan Statistical Area",-94.856284,47.59308,39650,1 
"13460","Bend, OR Metropolitan Statistical Area",-121.308274,44.086126,115367,1 
"13500","Bennettsville, SC Micropolitan Statistical Area",-79.668989,34.635112,28818,1 
"13540","Bennington, VT Micropolitan Statistical Area",-73.154758,42.97026,36994,1 
"13620","Berlin, NH-VT Micropolitan Statistical Area",-71.421168,44.575683,39570,1 
"13660","Big Rapids, MI Micropolitan Statistical Area",-85.387574,43.657129,40553,1 
"13700","Big Spring, TX Micropolitan Statistical Area",-101.461712,32.244123,33627,1 
"13740","Billings, MT Metropolitan Statistical Area",-108.574747,45.757413,138904,1 
"13780","Binghamton, NY Metropolitan Statistical Area",-76.007635,42.121653,252320,1 
"13820","Birmingham-Hoover, AL Metropolitan Statistical Area",-86.797108,33.506301,1052238,1 
"13860","Bishop, CA Micropolitan Statistical Area",-118.276056,37.16268,17945,1 
"13900","Bismarck, ND Metropolitan Statistical Area",-100.835379,46.819135,94719,1 
"13940","Blackfoot, ID Micropolitan Statistical Area",-112.362512,43.213232,41735,1 
"13980","Blacksburg-Christiansburg-Radford, VA Metropolitan Statistical Area",-80.529628,37.172572,151272,1 
"14020","Bloomington, IN Metropolitan Statistical Area",-86.657683,39.162228,175506,1 
"14060","Bloomington-Normal, IL Metropolitan Statistical Area",-88.954687,40.494602,150433,1 
"14100","Bloomsburg-Berwick, PA Micropolitan Statistical Area",-76.44074,41.029413,82387,1 
"14140","Bluefield, WV-VA Micropolitan Statistical Area",-81.322877,37.264727,107578,1 
"14180","Blytheville, AR Micropolitan Statistical Area",-89.994502,35.840346,51979,1 
"14220","Bogalusa, LA Micropolitan Statistical Area",-89.97714,30.835598,43926,1 
"14260","Boise City-Nampa, ID Metropolitan Statistical Area",-116.395961,43.620358,464840,1 
"14300","Bonham, TX Micropolitan Statistical Area",-96.172623,33.564303,31242,1 
"14340","Boone, IA Micropolitan Statistical Area",-93.898045,42.02884,26224,1 
"14380","Boone, NC Micropolitan Statistical Area",-81.687746,36.220003,42695,1 
"14420","Borger, TX Micropolitan Statistical Area",-101.448864,35.679872,23857,1 
"14460","Boston-Cambridge-Quincy, MA-NH Metropolitan Statistical Area",-71.105998,42.428604,4391344,1 
"14500","Boulder, CO Metropolitan Statistical Area",-105.189186,40.06039,269814,1 
"14540","Bowling Green, KY Metropolitan Statistical Area",-86.413948,36.999966,104166,1 
"14580","Bozeman, MT Micropolitan Statistical Area",-111.12141,45.677449,67831,1 
"14600","Bradenton-Sarasota-Venice, FL Metropolitan Statistical Area",-82.497315,27.336585,589959,1 
"14620","Bradford, PA Micropolitan Statistical Area",-78.582054,41.863962,45936,1 
"14660","Brainerd, MN Micropolitan Statistical Area",-94.239544,46.566794,82249,1 
"14700","Branson, MO Micropolitan Statistical Area",-93.290539,36.678977,68361,1 
"14740","Bremerton-Silverdale, WA Metropolitan Statistical Area",-122.633719,47.61238,231969,1 
"14780","Brenham, TX Micropolitan Statistical Area",-96.397136,30.182149,30373,1 
"14820","Brevard, NC Micropolitan Statistical Area",-82.745336,35.210297,29334,1 
"14860","Bridgeport-Stamford-Norwalk, CT Metropolitan Statistical Area",-73.364577,41.206901,882567,1 
"14940","Brigham City, UT Micropolitan Statistical Area",-112.101464,41.593891,42745,1 
"15020","Brookhaven, MS Micropolitan Statistical Area",-90.453652,31.554865,33166,1 
"15060","Brookings, OR Micropolitan Statistical Area",-124.328445,42.25169,21137,1 
"15100","Brookings, SD Micropolitan Statistical Area",-96.786422,44.315642,28220,1 
"15140","Brownsville, TN Micropolitan Statistical Area",-89.272172,35.585205,19797,1 
"15180","Brownsville-Harlingen, TX Metropolitan Statistical Area",-97.559621,26.047287,335227,1 
"15220","Brownwood, TX Micropolitan Statistical Area",-98.989112,31.731293,37674,1 
"15260","Brunswick, GA Metropolitan Statistical Area",-81.548211,31.232543,93044,1 
"15340","Bucyrus, OH Micropolitan Statistical Area",-82.873306,40.797361,46966,1 
"15380","Buffalo-Niagara Falls, NY Metropolitan Statistical Area",-78.806962,42.934455,1170111,1 
"15420","Burley, ID Micropolitan Statistical Area",-113.727213,42.548314,41590,1 
"15460","Burlington, IA-IL Micropolitan Statistical Area",-91.109957,40.833034,50564,1 
"15500","Burlington, NC Metropolitan Statistical Area",-79.413205,36.073689,130800,1 
"15540","Burlington-South Burlington, VT Metropolitan Statistical Area",-73.119356,44.574844,198889,1 
"15580","Butte-Silver Bow, MT Micropolitan Statistical Area",-112.52473,45.98869,34606,1 
"15620","Cadillac, MI Micropolitan Statistical Area",-85.383552,44.305549,44962,1 
"15660","Calhoun, GA Micropolitan Statistical Area",-84.905712,34.499565,44104,1 
"15700","Cambridge, MD Micropolitan Statistical Area",-76.013259,38.565563,30674,1 
"15740","Cambridge, OH Micropolitan Statistical Area",-81.544056,40.016785,40792,1 
"15780","Camden, AR Micropolitan Statistical Area",-92.781146,33.576892,34534,1 
"15820","Campbellsville, KY Micropolitan Statistical Area",-85.341691,37.351084,22927,1 
"15860","Canon City, CO Micropolitan Statistical Area",-105.20269,38.422452,46145,1 
"15900","Canton, IL Micropolitan Statistical Area",-90.120839,40.52078,38250,1 
"15940","Canton-Massillon, OH Metropolitan Statistical Area",-81.365727,40.81873,406934,1 
"15980","Cape Coral-Fort Myers, FL Metropolitan Statistical Area",-81.872671,26.575969,440888,1 
"16020","Cape Girardeau-Jackson, MO-IL Micropolitan Statistical Area",-89.623372,37.326481,90312,1 
"16060","Carbondale, IL Micropolitan Statistical Area",-89.283561,37.752054,59612,1 
"16100","Carlsbad-Artesia, NM Micropolitan Statistical Area",-104.288483,32.540145,51658,1 
"16180","Carson City, NV Metropolitan Statistical Area",-119.754016,39.16612,52457,1 
"16220","Casper, WY Metropolitan Statistical Area",-106.33828,42.842643,66533,1 
"16260","Cedar City, UT Micropolitan Statistical Area",-113.070956,37.710597,33779,1 
"16300","Cedar Rapids, IA Metropolitan Statistical Area",-91.649275,42.025273,237230,1 
"16340","Cedartown, GA Micropolitan Statistical Area",-85.179067,34.010552,38127,1 
"16380","Celina, OH Micropolitan Statistical Area",-84.607526,40.518786,40924,1 
"16420","Central City, KY Micropolitan Statistical Area",-87.146055,37.237911,31839,1 
"16460","Centralia, IL Micropolitan Statistical Area",-89.021761,38.590173,41691,1 
"16500","Centralia, WA Micropolitan Statistical Area",-122.819396,46.617899,68600,1 
"16540","Chambersburg, PA Micropolitan Statistical Area",-77.658151,39.88224,129313,1 
"16580","Champaign-Urbana, IL Metropolitan Statistical Area",-88.257875,40.148461,210275,1 
"16620","Charleston, WV Metropolitan Statistical Area",-81.716504,38.346512,309635,1 
"16660","Charleston-Mattoon, IL Micropolitan Statistical Area",-88.263398,39.451819,64449,1 
"16700","Charleston-North Charleston-Summerville, SC Metropolitan Statistical Area",-80.039727,32.921727,549033,1 
"16740","Charlotte-Gastonia-Concord, NC-SC Metropolitan Statistical Area",-80.839115,35.19002,1330448,1 
"16820","Charlottesville, VA Metropolitan Statistical Area",-78.506546,38.02618,174021,1 
"16860","Chattanooga, TN-GA Metropolitan Statistical Area",-85.253763,35.04198,476531,1 
"16900","Chester, SC Micropolitan Statistical Area",-81.124082,34.701184,34068,1 
"16940","Cheyenne, WY Metropolitan Statistical Area",-104.777357,41.152202,81607,1 
"16980","Chicago-Naperville-Joliet, IL-IN-WI Metropolitan Statistical Area",-87.844006,41.87359,9098316,1 
"17020","Chico, CA Metropolitan Statistical Area",-121.705132,39.669931,203171,1 
"17060","Chillicothe, OH Micropolitan Statistical Area",-83.016734,39.338475,73345,1 
"17140","Cincinnati-Middletown, OH-KY-IN Metropolitan Statistical Area",-84.470554,39.188011,2009632,1 
"17180","City of The Dalles, OR Micropolitan Statistical Area",-121.202619,45.537065,23791,1 
"17200","Claremont, NH Micropolitan Statistical Area",-72.265183,43.36624,40458,1 
"17220","Clarksburg, WV Micropolitan Statistical Area",-80.326057,39.296801,92144,1 
"17260","Clarksdale, MS Micropolitan Statistical Area",-90.568025,34.22267,30622,1 
"17300","Clarksville, TN-KY Metropolitan Statistical Area",-87.448364,36.639694,232000,1 
"17340","Clearlake, CA Micropolitan Statistical Area",-122.740698,38.977625,58309,1 
"17380","Cleveland, MS Micropolitan Statistical Area",-90.780936,33.77752,40633,1 
"17420","Cleveland, TN Metropolitan Statistical Area",-84.814796,35.159194,104015,1 
"17460","Cleveland-Elyria-Mentor, OH Metropolitan Statistical Area",-81.687132,41.449405,2148143,1 
"17500","Clewiston, FL Micropolitan Statistical Area",-81.203457,26.716163,36210,1 
"17540","Clinton, IA Micropolitan Statistical Area",-90.334617,41.853508,50149,1 
"17580","Clovis, NM Micropolitan Statistical Area",-103.224917,34.418905,45044,1 
"17660","Coeur dAlene, ID Metropolitan Statistical Area",-116.824839,47.73268,108685,1 
"17700","Coffeyville, KS Micropolitan Statistical Area",-95.692099,37.138966,36252,1 
"17740","Coldwater, MI Micropolitan Statistical Area",-85.035156,41.930266,45787,1 
"17780","College Station-Bryan, TX Metropolitan Statistical Area",-96.381679,30.649329,184885,1 
"17820","Colorado Springs, CO Metropolitan Statistical Area",-104.781077,38.870185,537484,1 
"17860","Columbia, MO Metropolitan Statistical Area",-92.348219,38.9752,145666,1 
"17900","Columbia, SC Metropolitan Statistical Area",-81.053149,34.037372,647158,1 
"17940","Columbia, TN Micropolitan Statistical Area",-87.056165,35.614686,69498,1 
"17980","Columbus, GA-AL Metropolitan Statistical Area",-84.94252,32.481862,281768,1 
"18020","Columbus, IN Metropolitan Statistical Area",-85.90027,39.21717,71435,1 
"18060","Columbus, MS Micropolitan Statistical Area",-88.395878,33.514169,61586,1 
"18100","Columbus, NE Micropolitan Statistical Area",-97.390707,41.472988,31662,1 
"18140","Columbus, OH Metropolitan Statistical Area",-82.941246,40.008245,1612694,1 
"18180","Concord, NH Micropolitan Statistical Area",-71.583954,43.246165,136225,1 
"18220","Connersville, IN Micropolitan Statistical Area",-85.147385,39.640899,25588,1 
"18260","Cookeville, TN Micropolitan Statistical Area",-85.478369,36.223545,93417,1 
"18300","Coos Bay, OR Micropolitan Statistical Area",-124.22794,43.302422,62779,1 
"18340","Corbin, KY Micropolitan Statistical Area",-84.137179,36.807961,35865,1 
"18380","Cordele, GA Micropolitan Statistical Area",-83.778468,31.950646,21996,1 
"18420","Corinth, MS Micropolitan Statistical Area",-88.529598,34.908682,34558,1 
"18460","Cornelia, GA Micropolitan Statistical Area",-83.541494,34.566083,35902,1 
"18500","Corning, NY Micropolitan Statistical Area",-77.324893,42.270053,98726,1 
"18580","Corpus Christi, TX Metropolitan Statistical Area",-97.409408,27.789427,403280,1 
"18620","Corsicana, TX Micropolitan Statistical Area",-96.490982,32.079585,45124,1 
"18660","Cortland, NY Micropolitan Statistical Area",-76.14331,42.597101,48599,1 
"18700","Corvallis, OR Metropolitan Statistical Area",-123.281343,44.570902,78153,1 
"18740","Coshocton, OH Micropolitan Statistical Area",-81.861667,40.288837,36655,1 
"18820","Crawfordsville, IN Micropolitan Statistical Area",-86.900552,40.034391,37629,1 
"18860","Crescent City, CA Micropolitan Statistical Area",-124.160684,41.795554,27507,1 
"18900","Crossville, TN Micropolitan Statistical Area",-85.022882,35.950733,46802,1 
"18940","Crowley, LA Micropolitan Statistical Area",-92.350954,30.274473,58861,1 
"18980","Cullman, AL Micropolitan Statistical Area",-86.831669,34.162156,77483,1 
"19020","Culpeper, VA Micropolitan Statistical Area",-77.997492,38.499845,34262,1 
"19060","Cumberland, MD-WV Metropolitan Statistical Area",-78.845655,39.586024,102008,1 
"19100","Dallas-Fort Worth-Arlington, TX Metropolitan Statistical Area",-96.94308,32.836447,5161544,1 
"19140","Dalton, GA Metropolitan Statistical Area",-84.913764,34.787033,120031,1 
"19180","Danville, IL Metropolitan Statistical Area",-87.654996,40.151567,83919,1 
"19220","Danville, KY Micropolitan Statistical Area",-84.738267,37.559782,51058,1 
"19260","Danville, VA Metropolitan Statistical Area",-79.40773,36.694232,110156,1 
"19300","Daphne-Fairhope-Foley, AL Micropolitan Statistical Area",-87.760623,30.565383,140415,1 
"19340","Davenport-Moline-Rock Island, IA-IL Metropolitan Statistical Area",-90.490596,41.4871,376019,1 
"19380","Dayton, OH Metropolitan Statistical Area",-84.194164,39.779818,848153,1 
"19460","Decatur, AL Metropolitan Statistical Area",-87.011726,34.522767,145867,1 
"19500","Decatur, IL Metropolitan Statistical Area",-88.947808,39.850756,114706,1 
"19540","Decatur, IN Micropolitan Statistical Area",-84.93574,40.757482,33625,1 
"19580","Defiance, OH Micropolitan Statistical Area",-84.446352,41.29475,39500,1 
"19620","Del Rio, TX Micropolitan Statistical Area",-100.898717,29.380325,44856,1 
"19660","Deltona-Daytona Beach-Ormond Beach, FL Metropolitan Statistical Area",-81.115213,29.083901,443343,1 
"19700","Deming, NM Micropolitan Statistical Area",-107.741198,32.216243,25016,1 
"19740","Denver-Aurora, CO Metropolitan Statistical Area",-104.976624,39.7072,2179240,1 
"19760","De Ridder, LA Micropolitan Statistical Area",-93.291766,30.73813,32986,1 
"19780","Des Moines-West Des Moines, IA Metropolitan Statistical Area",-93.695708,41.596049,481394,1 
"19820","Detroit-Warren-Livonia, MI Metropolitan Statistical Area",-83.186554,42.490867,4452557,1 
"19860","Dickinson, ND Micropolitan Statistical Area",-102.802398,46.884016,23524,1 
"19900","Dillon, SC Micropolitan Statistical Area",-79.358184,34.395742,30722,1 
"19940","Dixon, IL Micropolitan Statistical Area",-89.396278,41.809423,36062,1 
"19980","Dodge City, KS Micropolitan Statistical Area",-99.99124,37.748939,32458,1 
"20020","Dothan, AL Metropolitan Statistical Area",-85.452094,31.219015,130861,1 
"20060","Douglas, GA Micropolitan Statistical Area",-82.849749,31.483799,45022,1 
"20100","Dover, DE Metropolitan Statistical Area",-75.556129,39.117372,126697,1 
"20140","Dublin, GA Micropolitan Statistical Area",-82.88522,32.548087,53434,1 
"20180","DuBois, PA Micropolitan Statistical Area",-78.5036,40.991712,83382,1 
"20220","Dubuque, IA Metropolitan Statistical Area",-90.756997,42.494605,89143,1 
"20260","Duluth, MN-WI Metropolitan Statistical Area",-92.295151,46.972243,275486,1 
"20300","Dumas, TX Micropolitan Statistical Area",-101.954023,35.902999,20121,1 
"20340","Duncan, OK Micropolitan Statistical Area",-97.94227,34.516339,43182,1 
"20380","Dunn, NC Micropolitan Statistical Area",-78.823319,35.362527,91025,1 
"20420","Durango, CO Micropolitan Statistical Area",-107.811967,37.263909,43941,1 
"20460","Durant, OK Micropolitan Statistical Area",-96.379391,33.974202,36534,1 
"20500","Durham, NC Metropolitan Statistical Area",-79.002848,35.991346,426493,1 
"20540","Dyersburg, TN Micropolitan Statistical Area",-89.360867,36.057118,37279,1 
"20580","Eagle Pass, TX Micropolitan Statistical Area",-100.480609,28.704236,47297,1 
"20620","East Liverpool-Salem, OH Micropolitan Statistical Area",-80.727805,40.773426,112075,1 
"20660","Easton, MD Micropolitan Statistical Area",-76.105328,38.769171,33812,1 
"20700","East Stroudsburg, PA Micropolitan Statistical Area",-75.308443,41.032378,138687,1 
"20740","Eau Claire, WI Metropolitan Statistical Area",-91.409077,44.864928,148337,1 
"20780","Edwards, CO Micropolitan Statistical Area",-106.635193,39.53858,49471,1 
"20820","Effingham, IL Micropolitan Statistical Area",-88.575522,39.094705,34264,1 
"20900","El Campo, TX Micropolitan Statistical Area",-96.173512,29.279119,41188,1 
"20940","El Centro, CA Metropolitan Statistical Area",-115.523859,32.845927,142361,1 
"20980","El Dorado, AR Micropolitan Statistical Area",-92.643318,33.206069,45629,1 
"21020","Elizabeth City, NC Micropolitan Statistical Area",-76.277231,36.279747,53150,1 
"21060","Elizabethtown, KY Metropolitan Statistical Area",-85.89532,37.728559,107547,1 
"21120","Elk City, OK Micropolitan Statistical Area",-99.517192,35.359281,19799,1 
"21140","Elkhart-Goshen, IN Metropolitan Statistical Area",-85.909546,41.638829,182791,1 
"21220","Elko, NV Micropolitan Statistical Area",-115.516162,40.843694,46942,1 
"21260","Ellensburg, WA Micropolitan Statistical Area",-120.627526,47.047952,33362,1 
"21300","Elmira, NY Metropolitan Statistical Area",-76.812338,42.116644,91070,1 
"21340","El Paso, TX Metropolitan Statistical Area",-106.386914,31.781616,679622,1 
"21380","Emporia, KS Micropolitan Statistical Area",-96.207599,38.410574,38965,1 
"21420","Enid, OK Micropolitan Statistical Area",-97.882343,36.397427,57813,1 
"21460","Enterprise-Ozark, AL Micropolitan Statistical Area",-85.770751,31.37313,92744,1 
"21500","Erie, PA Metropolitan Statistical Area",-80.069684,42.068861,280843,1 
"21540","Escanaba, MI Micropolitan Statistical Area",-87.064951,45.801218,38520,1 
"21580","Espanola, NM Micropolitan Statistical Area",-106.20119,36.197407,41190,1 
"21640","Eufaula, AL-GA Micropolitan Statistical Area",-85.287418,31.848806,31636,1 
"21660","Eugene-Springfield, OR Metropolitan Statistical Area",-123.115024,44.037904,322959,1 
"21700","Eureka-Arcata-Fortuna, CA Micropolitan Statistical Area",-124.087383,40.756735,126518,1 
"21740","Evanston, WY Micropolitan Statistical Area",-110.771579,41.273058,19742,1 
"21780","Evansville, IN-KY Metropolitan Statistical Area",-87.549475,37.984148,342815,1 
"21820","Fairbanks, AK Metropolitan Statistical Area",-147.605138,64.824277,82840,1 
"21860","Fairmont, MN Micropolitan Statistical Area",-94.511041,43.666839,21802,1 
"21900","Fairmont, WV Micropolitan Statistical Area",-80.182701,39.487262,56598,1 
"21980","Fallon, NV Micropolitan Statistical Area",-118.793495,39.472837,23982,1 
"22020","Fargo, ND-MN Metropolitan Statistical Area",-96.802267,46.866,174367,1 
"22060","Faribault-Northfield, MN Micropolitan Statistical Area",-93.259472,44.366322,56665,1 
"22100","Farmington, MO Micropolitan Statistical Area",-90.4928,37.832624,55641,1 
"22140","Farmington, NM Metropolitan Statistical Area",-108.234982,36.713058,113801,1 
"22180","Fayetteville, NC Metropolitan Statistical Area",-78.963596,35.056353,336609,1 
"22220","Fayetteville-Springdale-Rogers, AR-MO Metropolitan Statistical Area",-94.194833,36.230146,347045,1 
"22260","Fergus Falls, MN Micropolitan Statistical Area",-95.79863,46.402289,57159,1 
"22280","Fernley, NV Micropolitan Statistical Area",-119.327395,39.283426,34501,1 
"22300","Findlay, OH Micropolitan Statistical Area",-83.643277,41.038401,71295,1 
"22340","Fitzgerald, GA Micropolitan Statistical Area",-83.258894,31.682702,27415,1 
"22380","Flagstaff, AZ Metropolitan Statistical Area",-111.573942,35.547513,116320,1 
"22420","Flint, MI Metropolitan Statistical Area",-83.695799,43.014171,436141,1 
"22500","Florence, SC Metropolitan Statistical Area",-79.837745,34.177142,193155,1 
"22520","Florence-Muscle Shoals, AL Metropolitan Statistical Area",-87.638845,34.81146,142950,1 
"22540","Fond du Lac, WI Metropolitan Statistical Area",-88.487565,43.765147,97296,1 
"22580","Forest City, NC Micropolitan Statistical Area",-81.894293,35.348181,62899,1 
"22620","Forrest City, AR Micropolitan Statistical Area",-90.765194,35.015001,29329,1 
"22660","Fort Collins-Loveland, CO Metropolitan Statistical Area",-105.108351,40.505112,251494,1 
"22700","Fort Dodge, IA Micropolitan Statistical Area",-94.179079,42.479317,40235,1 
"22780","Fort Leonard Wood, MO Micropolitan Statistical Area",-92.175724,37.827603,41165,1 
"22800","Fort Madison-Keokuk, IA-MO Micropolitan Statistical Area",-91.447644,40.535343,45468,1 
"22820","Fort Morgan, CO Micropolitan Statistical Area",-103.778852,40.255465,27171,1 
"22840","Fort Payne, AL Micropolitan Statistical Area",-85.810015,34.459779,64452,1 
"22860","Fort Polk South, LA Micropolitan Statistical Area",-93.242806,31.095054,52531,1 
"22900","Fort Smith, AR-OK Metropolitan Statistical Area",-94.41628,35.339396,273170,1 
"22980","Fort Valley, GA Micropolitan Statistical Area",-83.83779,32.583411,23668,1 
"23020","Fort Walton Beach-Crestview-Destin, FL Metropolitan Statistical Area",-86.569563,30.526351,170498,1 
"23060","Fort Wayne, IN Metropolitan Statistical Area",-85.15316,41.075966,390156,1 
"23140","Frankfort, IN Micropolitan Statistical Area",-86.511539,40.297791,33866,1 
"23180","Frankfort, KY Micropolitan Statistical Area",-84.885137,38.147522,66798,1 
"23240","Fredericksburg, TX Micropolitan Statistical Area",-98.89947,30.275018,20814,1 
"23300","Freeport, IL Micropolitan Statistical Area",-89.644359,42.324293,48979,1 
"23340","Fremont, NE Micropolitan Statistical Area",-96.534363,41.477425,36160,1 
"23380","Fremont, OH Micropolitan Statistical Area",-83.103316,41.341687,61792,1 
"23420","Fresno, CA Metropolitan Statistical Area",-119.772249,36.736003,799407,1 
"23460","Gadsden, AL Metropolitan Statistical Area",-86.024453,34.015075,103459,1 
"23500","Gaffney, SC Micropolitan Statistical Area",-81.64162,35.078438,52537,1 
"23540","Gainesville, FL Metropolitan Statistical Area",-82.406216,29.668166,232392,1 
"23580","Gainesville, GA Metropolitan Statistical Area",-83.842833,34.284221,139277,1 
"23620","Gainesville, TX Micropolitan Statistical Area",-97.138367,33.612826,36363,1 
"23660","Galesburg, IL Micropolitan Statistical Area",-90.406097,40.925331,74571,1 
"23700","Gallup, NM Micropolitan Statistical Area",-108.625648,35.518941,74798,1 
"23780","Garden City, KS Micropolitan Statistical Area",-100.862592,37.975919,40523,1 
"23820","Gardnerville Ranchos, NV Micropolitan Statistical Area",-119.764679,38.9539,41259,1 
"23860","Georgetown, SC Micropolitan Statistical Area",-79.287091,33.451494,55797,1 
"23900","Gettysburg, PA Micropolitan Statistical Area",-77.16111,39.852685,91292,1 
"23940","Gillette, WY Micropolitan Statistical Area",-105.492124,44.256023,33698,1 
"23980","Glasgow, KY Micropolitan Statistical Area",-85.869417,36.994186,48070,1 
"24020","Glens Falls, NY Metropolitan Statistical Area",-73.587814,43.3473,124345,1 
"24100","Gloversville, NY Micropolitan Statistical Area",-74.331284,43.06014,55073,1 
"24140","Goldsboro, NC Metropolitan Statistical Area",-77.988076,35.367254,113329,1 
"24180","Granbury, TX Micropolitan Statistical Area",-97.767212,32.404608,47909,1 
"24220","Grand Forks, ND-MN Metropolitan Statistical Area",-96.944806,47.868067,97478,1 
"24260","Grand Island, NE Micropolitan Statistical Area",-98.349163,40.967265,68305,1 
"24300","Grand Junction, CO Metropolitan Statistical Area",-108.534161,39.090745,116255,1 
"24340","Grand Rapids-Wyoming, MI Metropolitan Statistical Area",-85.574462,42.96902,740482,1 
"24380","Grants, NM Micropolitan Statistical Area",-107.80963,35.110509,25595,1 
"24420","Grants Pass, OR Micropolitan Statistical Area",-123.387892,42.402267,75726,1 
"24460","Great Bend, KS Micropolitan Statistical Area",-98.758931,38.397915,28205,1 
"24500","Great Falls, MT Metropolitan Statistical Area",-111.306395,47.490998,80357,1 
"24540","Greeley, CO Metropolitan Statistical Area",-104.760698,40.347798,180926,1 
"24580","Green Bay, WI Metropolitan Statistical Area",-88.013829,44.552781,282599,1 
"24620","Greeneville, TN Micropolitan Statistical Area",-82.833987,36.176982,62909,1 
"24660","Greensboro-High Point, NC Metropolitan Statistical Area",-79.835187,36.049418,643430,1 
"24700","Greensburg, IN Micropolitan Statistical Area",-85.493497,39.318284,24555,1 
"24740","Greenville, MS Micropolitan Statistical Area",-91.009191,33.369994,62977,1 
"24780","Greenville, NC Metropolitan Statistical Area",-77.417883,35.567956,152772,1 
"24820","Greenville, OH Micropolitan Statistical Area",-84.609893,40.116571,53309,1 
"24860","Greenville-Mauldin-Easley, SC Metropolitan Statistical Area",-82.373112,34.79968,559940,1 
"24900","Greenwood, MS Micropolitan Statistical Area",-90.152544,33.504347,48716,1 
"24940","Greenwood, SC Micropolitan Statistical Area",-82.149003,34.203318,66271,1 
"24980","Grenada, MS Micropolitan Statistical Area",-89.80182,33.770148,23263,1 
"25060","Gulfport-Biloxi, MS Metropolitan Statistical Area",-89.124628,30.433323,246190,1 
"25100","Guymon, OK Micropolitan Statistical Area",-101.44396,36.717406,20107,1 
"25180","Hagerstown-Martinsburg, MD-WV Metropolitan Statistical Area",-77.852491,39.561264,222771,1 
"25220","Hammond, LA Micropolitan Statistical Area",-90.458542,30.57871,100588,1 
"25260","Hanford-Corcoran, CA Metropolitan Statistical Area",-119.733808,36.237786,129461,1 
"25300","Hannibal, MO Micropolitan Statistical Area",-91.456536,39.697933,37915,1 
"25340","Harriman, TN Micropolitan Statistical Area",-84.524909,35.885631,51910,1 
"25380","Harrisburg, IL Micropolitan Statistical Area",-88.5359,37.754385,26733,1 
"25420","Harrisburg-Carlisle, PA Metropolitan Statistical Area",-76.954787,40.271948,509074,1 
"25460","Harrison, AR Micropolitan Statistical Area",-93.114243,36.206519,42556,1 
"25500","Harrisonburg, VA Metropolitan Statistical Area",-78.849435,38.450866,108193,1 
"25540","Hartford-West Hartford-East Hartford, CT Metropolitan Statistical Area",-72.656352,41.733228,1148618,1 
"25580","Hastings, NE Micropolitan Statistical Area",-98.344579,40.574759,38190,1 
"25620","Hattiesburg, MS Metropolitan Statistical Area",-89.309269,31.288862,123812,1 
"25660","Havre, MT Micropolitan Statistical Area",-109.766773,48.521208,16673,1 
"25700","Hays, KS Micropolitan Statistical Area",-99.327982,38.880785,27507,1 
"25720","Heber, UT Micropolitan Statistical Area",-111.411467,40.495149,15215,1 
"25740","Helena, MT Micropolitan Statistical Area",-112.031917,46.583447,65765,1 
"25760","Helena-West Helena, AR Micropolitan Statistical Area",-90.709667,34.522919,26445,1 
"25780","Henderson, NC Micropolitan Statistical Area",-78.401728,36.331252,42954,1 
"25820","Hereford, TX Micropolitan Statistical Area",-102.402023,34.835575,18561,1 
"25860","Hickory-Lenoir-Morganton, NC Metropolitan Statistical Area",-81.40461,35.76646,341851,1 
"25900","Hilo, HI Micropolitan Statistical Area",-155.415801,19.690126,148677,1 
"25940","Hilton Head Island-Beaufort, SC Micropolitan Statistical Area",-80.77624,32.352438,141615,1 
"25980","Hinesville-Fort Stewart, GA Metropolitan Statistical Area",-81.604884,31.823793,71914,1 
"26020","Hobbs, NM Micropolitan Statistical Area",-103.195178,32.750197,55511,1 
"26100","Holland-Grand Haven, MI Metropolitan Statistical Area",-86.028189,42.909535,238314,1 
"26140","Homosassa Springs, FL Micropolitan Statistical Area",-82.450992,28.859855,118085,1 
"26180","Honolulu, HI Metropolitan Statistical Area",-157.908882,21.376294,876156,1 
"26220","Hood River, OR Micropolitan Statistical Area",-121.565029,45.652985,20411,1 
"26260","Hope, AR Micropolitan Statistical Area",-93.544113,33.705749,33542,1 
"26300","Hot Springs, AR Metropolitan Statistical Area",-93.07983,34.50804,88068,1 
"26340","Houghton, MI Micropolitan Statistical Area",-88.525207,47.139349,38317,1 
"26380","Houma-Bayou Cane-Thibodaux, LA Metropolitan Statistical Area",-90.667274,29.628421,194477,1 
"26420","Houston-Sugar Land-Baytown, TX Metropolitan Statistical Area",-95.398063,29.769488,4715407,1 
"26460","Hudson, NY Micropolitan Statistical Area",-73.682081,42.276913,63094,1 
"26480","Humboldt, TN Micropolitan Statistical Area",-88.885619,35.945202,48152,1 
"26500","Huntingdon, PA Micropolitan Statistical Area",-78.001147,40.423393,45586,1 
"26540","Huntington, IN Micropolitan Statistical Area",-85.486953,40.866143,38075,1 
"26580","Huntington-Ashland, WV-KY-OH Metropolitan Statistical Area",-82.523562,38.432298,288649,1 
"26620","Huntsville, AL Metropolitan Statistical Area",-86.672687,34.758268,342376,1 
"26660","Huntsville, TX Micropolitan Statistical Area",-95.532201,30.733396,61758,1 
"26700","Huron, SD Micropolitan Statistical Area",-98.23281,44.37112,17023,1 
"26740","Hutchinson, KS Micropolitan Statistical Area",-97.9356,38.050433,64790,1 
"26780","Hutchinson, MN Micropolitan Statistical Area",-94.266957,44.857796,34898,1 
"26820","Idaho Falls, ID Metropolitan Statistical Area",-112.001623,43.534537,101677,1 
"26860","Indiana, PA Micropolitan Statistical Area",-79.127853,40.616382,89605,1 
"26900","Indianapolis-Carmel, IN Metropolitan Statistical Area",-86.163041,39.779615,1525104,1 
"26940","Indianola, MS Micropolitan Statistical Area",-90.58687,33.598866,34369,1 
"26980","Iowa City, IA Metropolitan Statistical Area",-91.577567,41.624683,131676,1 
"27020","Iron Mountain, MI-WI Micropolitan Statistical Area",-88.050531,45.836006,32560,1 
"27060","Ithaca, NY Metropolitan Statistical Area",-76.478767,42.461024,96501,1 
"27100","Jackson, MI Metropolitan Statistical Area",-84.407129,42.241245,158422,1 
"27140","Jackson, MS Metropolitan Statistical Area",-90.162763,32.286059,497197,1 
"27180","Jackson, TN Metropolitan Statistical Area",-88.793452,35.612173,107377,1 
"27220","Jackson, WY-ID Micropolitan Statistical Area",-110.866766,43.551572,24250,1 
"27260","Jacksonville, FL Metropolitan Statistical Area",-81.632357,30.253819,1122750,1 
"27300","Jacksonville, IL Micropolitan Statistical Area",-90.262471,39.708776,42153,1 
"27340","Jacksonville, NC Metropolitan Statistical Area",-77.394678,34.735029,150355,1 
"27380","Jacksonville, TX Micropolitan Statistical Area",-95.208448,31.898556,46659,1 
"27420","Jamestown, ND Micropolitan Statistical Area",-98.749771,46.916892,21908,1 
"27460","Jamestown-Dunkirk-Fredonia, NY Micropolitan Statistical Area",-79.315333,42.246904,139750,1 
"27500","Janesville, WI Metropolitan Statistical Area",-89.037034,42.649079,152307,1 
"27540","Jasper, IN Micropolitan Statistical Area",-86.991571,38.372204,52511,1 
"27620","Jefferson City, MO Metropolitan Statistical Area",-92.16477,38.626003,140052,1 
"27660","Jennings, LA Micropolitan Statistical Area",-92.733789,30.238588,31435,1 
"27700","Jesup, GA Micropolitan Statistical Area",-81.916573,31.610552,26565,1 
"27740","Johnson City, TN Metropolitan Statistical Area",-82.356688,36.30457,181607,1 
"27780","Johnstown, PA Metropolitan Statistical Area",-78.803784,40.405281,152598,1 
"27860","Jonesboro, AR Metropolitan Statistical Area",-90.63941,35.778417,107762,1 
"27900","Joplin, MO Metropolitan Statistical Area",-94.431142,37.058645,157322,1 
"27940","Juneau, AK Micropolitan Statistical Area",-134.529813,58.357237,30711,1 
"27980","Kahului-Wailuku, HI Micropolitan Statistical Area",-156.500304,20.868419,128094,1 
"28020","Kalamazoo-Portage, MI Metropolitan Statistical Area",-85.687871,42.263538,314866,1 
"28060","Kalispell, MT Micropolitan Statistical Area",-114.273807,48.254406,74471,1 
"28100","Kankakee-Bradley, IL Metropolitan Statistical Area",-87.847799,41.142918,103833,1 
"28140","Kansas City, MO-KS Metropolitan Statistical Area",-94.573083,39.023242,1836038,1 
"28180","Kapaa, HI Micropolitan Statistical Area",-159.447475,22.021112,58463,1 
"28260","Kearney, NE Micropolitan Statistical Area",-99.057605,40.70727,49141,1 
"28300","Keene, NH Micropolitan Statistical Area",-72.263959,42.898957,73825,1 
"28340","Kendallville, IN Micropolitan Statistical Area",-85.391318,41.415597,46275,1 
"28380","Kennett, MO Micropolitan Statistical Area",-90.058049,36.3284,33155,1 
"28420","Kennewick-Pasco-Richland, WA Metropolitan Statistical Area",-119.231006,46.252718,191822,1 
"28500","Kerrville, TX Micropolitan Statistical Area",-99.161737,30.040622,43653,1 
"28540","Ketchikan, AK Micropolitan Statistical Area",-131.679526,55.36929,14070,1 
"28580","Key West, FL Micropolitan Statistical Area",-81.2477,24.742865,79589,1 
"28620","Kill Devil Hills, NC Micropolitan Statistical Area",-75.674086,35.902008,29967,1 
"28660","Killeen-Temple-Fort Hood, TX Metropolitan Statistical Area",-97.662125,31.123186,330714,1 
"28700","Kingsport-Bristol-Bristol, TN-VA Metropolitan Statistical Area",-82.410465,36.565601,298484,1 
"28740","Kingston, NY Metropolitan Statistical Area",-74.09932,41.848374,177749,1 
"28780","Kingsville, TX Micropolitan Statistical Area",-97.85646,27.487862,31963,1 
"28820","Kinston, NC Micropolitan Statistical Area",-77.629096,35.263788,59648,1 
"28860","Kirksville, MO Micropolitan Statistical Area",-92.57441,40.234788,29147,1 
"28900","Klamath Falls, OR Micropolitan Statistical Area",-121.726914,42.277384,63775,1 
"28940","Knoxville, TN Metropolitan Statistical Area",-84.016405,35.943328,616079,1 
"28980","Kodiak, AK Micropolitan Statistical Area",-152.474164,57.777258,13913,1 
"29020","Kokomo, IN Metropolitan Statistical Area",-86.117723,40.445584,101541,1 
"29060","Laconia, NH Micropolitan Statistical Area",-71.445221,43.520945,56325,1 
"29100","La Crosse, WI-MN Metropolitan Statistical Area",-91.243828,43.832069,126838,1 
"29140","Lafayette, IN Metropolitan Statistical Area",-86.875533,40.44521,178541,1 
"29180","Lafayette, LA Metropolitan Statistical Area",-91.999322,30.211117,239086,1 
"29220","La Follette, TN Micropolitan Statistical Area",-84.124826,36.38622,39854,1 
"29260","La Grande, OR Micropolitan Statistical Area",-118.02151,45.341617,24530,1 
"29300","LaGrange, GA Micropolitan Statistical Area",-85.032781,33.03371,58779,1 
"29340","Lake Charles, LA Metropolitan Statistical Area",-93.261209,30.21141,193568,1 
"29380","Lake City, FL Micropolitan Statistical Area",-82.65926,30.12944,56513,1 
"29420","Lake Havasu City-Kingman, AZ Metropolitan Statistical Area",-114.265776,35.039737,155032,1 
"29460","Lakeland-Winter Haven, FL Metropolitan Statistical Area",-81.812761,28.02073,483924,1 
"29500","Lamesa, TX Micropolitan Statistical Area",-101.950038,32.735103,14985,1 
"29540","Lancaster, PA Metropolitan Statistical Area",-76.289699,40.073302,470658,1 
"29580","Lancaster, SC Micropolitan Statistical Area",-80.730665,34.719295,61351,1 
"29620","Lansing-East Lansing, MI Metropolitan Statistical Area",-84.558466,42.710776,447728,1 
"29660","Laramie, WY Micropolitan Statistical Area",-105.59927,41.31767,32014,1 
"29700","Laredo, TX Metropolitan Statistical Area",-99.477529,27.514915,193117,1 
"29740","Las Cruces, NM Metropolitan Statistical Area",-106.730042,32.239277,174682,1 
"29780","Las Vegas, NM Micropolitan Statistical Area",-105.296158,35.572247,30126,1 
"29820","Las Vegas-Paradise, NV Metropolitan Statistical Area",-115.137338,36.145263,1375765,1 
"29860","Laurel, MS Micropolitan Statistical Area",-89.159339,31.735802,83107,1 
"29900","Laurinburg, NC Micropolitan Statistical Area",-79.480845,34.785085,35998,1 
"29940","Lawrence, KS Metropolitan Statistical Area",-95.251202,38.942551,99962,1 
"29980","Lawrenceburg, TN Micropolitan Statistical Area",-87.357156,35.230101,39926,1 
"30020","Lawton, OK Metropolitan Statistical Area",-98.423597,34.630118,114996,1 
"30060","Lebanon, MO Micropolitan Statistical Area",-92.654645,37.670862,32513,1 
"30100","Lebanon, NH-VT Micropolitan Statistical Area",-72.217284,43.764088,167387,1 
"30140","Lebanon, PA Metropolitan Statistical Area",-76.443634,40.341378,120327,1 
"30220","Levelland, TX Micropolitan Statistical Area",-102.33413,33.585666,22716,1 
"30260","Lewisburg, PA Micropolitan Statistical Area",-76.961878,40.974829,41624,1 
"30280","Lewisburg, TN Micropolitan Statistical Area",-86.775447,35.478514,26767,1 
"30300","Lewiston, ID-WA Metropolitan Statistical Area",-116.991804,46.392644,57961,1 
"30340","Lewiston-Auburn, ME Metropolitan Statistical Area",-70.201301,44.118371,103793,1 
"30380","Lewistown, PA Micropolitan Statistical Area",-77.614905,40.602272,46486,1 
"30420","Lexington, NE Micropolitan Statistical Area",-99.859679,40.809699,26508,1 
"30460","Lexington-Fayette, KY Metropolitan Statistical Area",-84.486872,38.031247,408326,1 
"30500","Lexington Park, MD Micropolitan Statistical Area",-76.582577,38.309783,86211,1 
"30580","Liberal, KS Micropolitan Statistical Area",-100.915855,37.053674,22510,1 
"30620","Lima, OH Metropolitan Statistical Area",-84.12189,40.757167,108473,1 
"30660","Lincoln, IL Micropolitan Statistical Area",-89.362167,40.141165,31183,1 
"30700","Lincoln, NE Metropolitan Statistical Area",-96.699808,40.806846,266787,1 
"30740","Lincolnton, NC Micropolitan Statistical Area",-81.195451,35.482745,63780,1 
"30780","Little Rock-North Little Rock-Conway, AR Metropolitan Statistical Area",-92.331909,34.79513,610518,1 
"30820","Lock Haven, PA Micropolitan Statistical Area",-77.458151,41.145151,37914,1 
"30860","Logan, UT-ID Metropolitan Statistical Area",-111.842608,41.786667,102720,1 
"30900","Logansport, IN Micropolitan Statistical Area",-86.338926,40.747782,40930,1 
"30940","London, KY Micropolitan Statistical Area",-84.089648,37.091772,52715,1 
"30980","Longview, TX Metropolitan Statistical Area",-94.816602,32.458669,194042,1 
"31020","Longview, WA Metropolitan Statistical Area",-122.906844,46.143103,92948,1 
"31060","Los Alamos, NM Micropolitan Statistical Area",-106.268312,35.867691,18343,1 
"31100","Los Angeles-Long Beach-Santa Ana, CA Metropolitan Statistical Area",-118.155105,33.983765,12365627,1 
"31140","Louisville/Jefferson County, KY-IN Metropolitan Statistical Area",-85.697529,38.216585,1161975,1 
"31180","Lubbock, TX Metropolitan Statistical Area",-101.86749,33.56272,249700,1 
"31260","Lufkin, TX Micropolitan Statistical Area",-94.713975,31.312811,80130,1 
"31300","Lumberton, NC Micropolitan Statistical Area",-79.094685,34.669631,123339,1 
"31340","Lynchburg, VA Metropolitan Statistical Area",-79.242999,37.357017,228616,1 
"31380","Macomb, IL Micropolitan Statistical Area",-90.668321,40.4703,32913,1 
"31420","Macon, GA Metropolitan Statistical Area",-83.691721,32.85165,222368,1 
"31460","Madera, CA Metropolitan Statistical Area",-119.996824,37.049213,123109,1 
"31500","Madison, IN Micropolitan Statistical Area",-85.434241,38.758774,31705,1 
"31540","Madison, WI Metropolitan Statistical Area",-89.424572,43.1096,501774,1 
"31580","Madisonville, KY Micropolitan Statistical Area",-87.523951,37.302813,46519,1 
"31620","Magnolia, AR Micropolitan Statistical Area",-93.245592,33.259054,25603,1 
"31660","Malone, NY Micropolitan Statistical Area",-74.340734,44.705699,51134,1 
"31700","Manchester-Nashua, NH Metropolitan Statistical Area",-71.530704,42.87903,380841,1 
"31740","Manhattan, KS Micropolitan Statistical Area",-96.629476,39.16444,108999,1 
"31820","Manitowoc, WI Micropolitan Statistical Area",-87.719376,44.106306,82887,1 
"31860","Mankato-North Mankato, MN Micropolitan Statistical Area",-94.026265,44.174924,85712,1 
"31900","Mansfield, OH Metropolitan Statistical Area",-82.539381,40.764398,128852,1 
"31940","Marinette, WI-MI Micropolitan Statistical Area",-87.752464,45.270086,68710,1 
"31980","Marion, IN Micropolitan Statistical Area",-85.645545,40.525846,73403,1 
"32020","Marion, OH Micropolitan Statistical Area",-83.131437,40.582396,66217,1 
"32060","Marion-Herrin, IL Micropolitan Statistical Area",-88.974815,37.756678,61296,1 
"32100","Marquette, MI Micropolitan Statistical Area",-87.497737,46.486812,64634,1 
"32140","Marshall, MN Micropolitan Statistical Area",-95.796799,44.42734,25425,1 
"32180","Marshall, MO Micropolitan Statistical Area",-93.203541,39.113639,23756,1 
"32220","Marshall, TX Micropolitan Statistical Area",-94.404513,32.535175,62110,1 
"32260","Marshalltown, IA Micropolitan Statistical Area",-92.937292,42.031702,39311,1 
"32270","Marshfield-Wisconsin Rapids, WI Micropolitan Statistical Area",-89.962806,44.47721,75555,1 
"32280","Martin, TN Micropolitan Statistical Area",-88.769872,36.2913,34895,1 
"32300","Martinsville, VA Micropolitan Statistical Area",-79.896833,36.688996,73346,1 
"32340","Maryville, MO Micropolitan Statistical Area",-94.869327,40.35392,21912,1 
"32380","Mason City, IA Micropolitan Statistical Area",-93.246499,43.168643,54356,1 
"32460","Mayfield, KY Micropolitan Statistical Area",-88.649336,36.739974,37028,1 
"32500","Maysville, KY Micropolitan Statistical Area",-83.583985,38.593987,30892,1 
"32540","McAlester, OK Micropolitan Statistical Area",-95.723264,34.953593,43953,1 
"32580","McAllen-Edinburg-Mission, TX Metropolitan Statistical Area",-98.177752,26.228875,569463,1 
"32620","McComb, MS Micropolitan Statistical Area",-90.536181,31.2047,52539,1 
"32660","McMinnville, TN Micropolitan Statistical Area",-85.791283,35.695663,38276,1 
"32700","McPherson, KS Micropolitan Statistical Area",-97.64885,38.380036,29554,1 
"32740","Meadville, PA Micropolitan Statistical Area",-80.100452,41.665382,90366,1 
"32780","Medford, OR Metropolitan Statistical Area",-122.858731,42.343821,181269,1 
"32820","Memphis, TN-MS-AR Metropolitan Statistical Area",-89.906045,35.106148,1205204,1 
"32860","Menomonie, WI Micropolitan Statistical Area",-91.900478,44.915722,39858,1 
"32900","Merced, CA Metropolitan Statistical Area",-120.622476,37.282628,210554,1 
"32940","Meridian, MS Micropolitan Statistical Area",-88.69378,32.377295,106569,1 
"32980","Merrill, WI Micropolitan Statistical Area",-89.687114,45.288103,29641,1 
"33020","Mexico, MO Micropolitan Statistical Area",-91.814265,39.204329,25853,1 
"33060","Miami, OK Micropolitan Statistical Area",-94.84029,36.867398,33194,1 
"33100","Miami-Fort Lauderdale-Pompano Beach, FL Metropolitan Statistical Area",-80.236049,26.084076,5007564,1 
"33140","Michigan City-La Porte, IN Metropolitan Statistical Area",-86.792945,41.634978,110106,1 
"33180","Middlesborough, KY Micropolitan Statistical Area",-83.699118,36.690716,30060,1 
"33220","Midland, MI Micropolitan Statistical Area",-84.298777,43.641709,82874,1 
"33260","Midland, TX Metropolitan Statistical Area",-102.10618,32.002784,116009,1 
"33300","Milledgeville, GA Micropolitan Statistical Area",-83.195609,33.111446,54776,1 
"33340","Milwaukee-Waukesha-West Allis, WI Metropolitan Statistical Area",-88.044825,43.075392,1500741,1 
"33380","Minden, LA Micropolitan Statistical Area",-93.341916,32.704101,41831,1 
"33420","Mineral Wells, TX Micropolitan Statistical Area",-98.166139,32.780465,27026,1 
"33460","Minneapolis-St. Paul-Bloomington, MN-WI Metropolitan Statistical Area",-93.252286,44.990911,2968806,1 
"33500","Minot, ND Micropolitan Statistical Area",-101.282753,48.275619,67392,1 
"33540","Missoula, MT Metropolitan Statistical Area",-114.015149,46.874866,95802,1 
"33580","Mitchell, SD Micropolitan Statistical Area",-98.003664,43.697863,21880,1 
"33620","Moberly, MO Micropolitan Statistical Area",-92.453506,39.411925,24663,1 
"33660","Mobile, AL Metropolitan Statistical Area",-88.15954,30.686153,399843,1 
"33700","Modesto, CA Metropolitan Statistical Area",-120.959532,37.62417,446997,1 
"33740","Monroe, LA Metropolitan Statistical Area",-92.164006,32.550225,170053,1 
"33780","Monroe, MI Metropolitan Statistical Area",-83.484703,41.899841,145945,1 
"33820","Monroe, WI Micropolitan Statistical Area",-89.576162,42.660014,33647,1 
"33860","Montgomery, AL Metropolitan Statistical Area",-86.295464,32.400456,346528,1 
"33940","Montrose, CO Micropolitan Statistical Area",-107.950931,38.477616,33432,1 
"33980","Morehead City, NC Micropolitan Statistical Area",-76.789999,34.7454,59383,1 
"34020","Morgan City, LA Micropolitan Statistical Area",-91.350907,29.743453,53500,1 
"34060","Morgantown, WV Metropolitan Statistical Area",-79.892877,39.594058,111200,1 
"34100","Morristown, TN Metropolitan Statistical Area",-83.384692,36.173202,123081,1 
"34140","Moscow, ID Micropolitan Statistical Area",-116.928269,46.742558,34935,1 
"34180","Moses Lake, WA Micropolitan Statistical Area",-119.458152,47.156264,74698,1 
"34220","Moultrie, GA Micropolitan Statistical Area",-83.769427,31.180812,42053,1 
"34260","Mountain Home, AR Micropolitan Statistical Area",-92.38264,36.332991,38386,1 
"34300","Mountain Home, ID Micropolitan Statistical Area",-115.713518,43.096567,29130,1 
"34340","Mount Airy, NC Micropolitan Statistical Area",-80.657674,36.43229,71219,1 
"34380","Mount Pleasant, MI Micropolitan Statistical Area",-84.800777,43.609271,63351,1 
"34420","Mount Pleasant, TX Micropolitan Statistical Area",-94.969495,33.179528,28118,1 
"34460","Mount Sterling, KY Micropolitan Statistical Area",-83.817555,38.048669,40195,1 
"34500","Mount Vernon, IL Micropolitan Statistical Area",-88.848465,38.2698,48666,1 
"34540","Mount Vernon, OH Micropolitan Statistical Area",-82.457353,40.40078,54500,1 
"34580","Mount Vernon-Anacortes, WA Metropolitan Statistical Area",-122.336402,48.467639,102979,1 
"34620","Muncie, IN Metropolitan Statistical Area",-85.400068,40.204795,118769,1 
"34660","Murray, KY Micropolitan Statistical Area",-88.304532,36.619117,34177,1 
"34700","Muscatine, IA Micropolitan Statistical Area",-91.116677,41.409092,53905,1 
"34740","Muskegon-Norton Shores, MI Metropolitan Statistical Area",-86.21623,43.243257,170200,1 
"34780","Muskogee, OK Micropolitan Statistical Area",-95.36729,35.711135,69451,1 
"34820","Myrtle Beach-North Myrtle Beach-Conway, SC Metropolitan Statistical Area",-78.939844,33.794819,196629,1 
"34860","Nacogdoches, TX Micropolitan Statistical Area",-94.642055,31.62444,59203,1 
"34900","Napa, CA Metropolitan Statistical Area",-122.329474,38.343727,124279,1 
"34940","Naples-Marco Island, FL Metropolitan Statistical Area",-81.70817,26.191595,251377,1 
"34980","Nashville-Davidson--Murfreesboro--Franklin, TN Metropolitan Statistical Are",-86.68409,36.135442,1311789,1 
"35020","Natchez, MS-LA Micropolitan Statistical Area",-91.429829,31.564752,54587,1 
"35060","Natchitoches, LA Micropolitan Statistical Area",-93.100613,31.762009,39080,1 
"35100","New Bern, NC Micropolitan Statistical Area",-77.033519,35.062964,114751,1 
"35140","Newberry, SC Micropolitan Statistical Area",-81.580268,34.273417,36108,1 
"35220","New Castle, IN Micropolitan Statistical Area",-85.404664,39.927902,48508,1 
"35260","New Castle, PA Micropolitan Statistical Area",-80.338045,40.986171,94643,1 
"35300","New Haven-Milford, CT Metropolitan Statistical Area",-72.940814,41.395343,824008,1 
"35340","New Iberia, LA Micropolitan Statistical Area",-91.809005,29.992048,73266,1 
"35380","New Orleans-Metairie-Kenner, LA Metropolitan Statistical Area",-90.08573,30.016247,1316510,1 
"35420","New Philadelphia-Dover, OH Micropolitan Statistical Area",-81.462303,40.477358,90914,1 
"35460","Newport, TN Micropolitan Statistical Area",-83.173707,35.94871,33565,1 
"35500","Newton, IA Micropolitan Statistical Area",-93.067556,41.678804,37213,1 
"35580","New Ulm, MN Micropolitan Statistical Area",-94.601603,44.284441,26911,1 
"35620","New York-Northern New Jersey-Long Island, NY-NJ-PA Metropolitan Statistical",-73.946937,40.731573,18323002,1 
"35660","Niles-Benton Harbor, MI Metropolitan Statistical Area",-86.409205,41.989517,162453,1 
"35700","Nogales, AZ Micropolitan Statistical Area",-110.937968,31.422354,38381,1 
"35740","Norfolk, NE Micropolitan Statistical Area",-97.457022,42.040706,49538,1 
"35820","North Platte, NE Micropolitan Statistical Area",-100.784942,41.134288,35939,1 
"35860","North Vernon, IN Micropolitan Statistical Area",-85.647608,39.006166,27554,1 
"35900","North Wilkesboro, NC Micropolitan Statistical Area",-81.132489,36.193014,65632,1 
"35940","Norwalk, OH Micropolitan Statistical Area",-82.618481,41.172751,59487,1 
"35980","Norwich-New London, CT Metropolitan Statistical Area",-72.096493,41.440807,259088,1 
"36020","Oak Harbor, WA Micropolitan Statistical Area",-122.577439,48.208148,71558,1 
"36060","Oak Hill, WV Micropolitan Statistical Area",-81.135812,38.035198,47579,1 
"36100","Ocala, FL Metropolitan Statistical Area",-82.120164,29.154387,258916,1 
"36140","Ocean City, NJ Metropolitan Statistical Area",-74.797679,39.100373,102326,1 
"36180","Ocean Pines, MD Micropolitan Statistical Area",-75.244751,38.297622,46543,1 
"36220","Odessa, TX Metropolitan Statistical Area",-102.384933,31.865926,121123,1 
"36260","Ogden-Clearfield, UT Metropolitan Statistical Area",-111.960754,41.108995,442656,1 
"36300","Ogdensburg-Massena, NY Micropolitan Statistical Area",-75.154403,44.652067,111931,1 
"36340","Oil City, PA Micropolitan Statistical Area",-79.766254,41.406051,57565,1 
"36380","Okeechobee, FL Micropolitan Statistical Area",-80.8211,27.269273,35910,1 
"36420","Oklahoma City, OK Metropolitan Statistical Area",-97.515275,35.448885,1095421,1 
"36460","Olean, NY Micropolitan Statistical Area",-78.606834,42.224267,83955,1 
"36500","Olympia, WA Metropolitan Statistical Area",-122.847879,47.002534,207355,1 
"36540","Omaha-Council Bluffs, NE-IA Metropolitan Statistical Area",-96.017117,41.243256,767041,1 
"36580","Oneonta, NY Micropolitan Statistical Area",-75.060161,42.564852,61676,1 
"36620","Ontario, OR-ID Micropolitan Statistical Area",-116.996908,43.991707,52193,1 
"36660","Opelousas-Eunice, LA Micropolitan Statistical Area",-92.110752,30.520532,87700,1 
"36700","Orangeburg, SC Micropolitan Statistical Area",-80.798184,33.469561,91582,1 
"36740","Orlando-Kissimmee, FL Metropolitan Statistical Area",-81.416923,28.576359,1644561,1 
"36780","Oshkosh-Neenah, WI Metropolitan Statistical Area",-88.538194,44.099111,156763,1 
"36820","Oskaloosa, IA Micropolitan Statistical Area",-92.640111,41.313015,22335,1 
"36860","Ottawa-Streator, IL Micropolitan Statistical Area",-89.03503,41.351893,153098,1 
"36900","Ottumwa, IA Micropolitan Statistical Area",-92.41795,41.016398,36051,1 
"36940","Owatonna, MN Micropolitan Statistical Area",-93.215094,44.061084,33680,1 
"36980","Owensboro, KY Metropolitan Statistical Area",-87.084356,37.73597,109875,1 
"37020","Owosso, MI Micropolitan Statistical Area",-84.144507,42.943113,71687,1 
"37060","Oxford, MS Micropolitan Statistical Area",-89.522407,34.362664,38744,1 
"37100","Oxnard-Thousand Oaks-Ventura, CA Metropolitan Statistical Area",-119.026233,34.242977,753197,1 
"37140","Paducah, KY-IL Micropolitan Statistical Area",-88.655443,37.076922,98765,1 
"37220","Pahrump, NV Micropolitan Statistical Area",-116.2491,36.602295,32485,1 
"37260","Palatka, FL Micropolitan Statistical Area",-81.717458,29.609732,70423,1 
"37300","Palestine, TX Micropolitan Statistical Area",-95.691953,31.778259,55109,1 
"37340","Palm Bay-Melbourne-Titusville, FL Metropolitan Statistical Area",-80.688589,28.24358,476230,1 
"37380","Palm Coast, FL Metropolitan Statistical Area",-81.223266,29.525009,49832,1 
"37420","Pampa, TX Micropolitan Statistical Area",-100.928804,35.532655,23631,1 
"37460","Panama City-Lynn Haven, FL Metropolitan Statistical Area",-85.654236,30.202103,148217,1 
"37500","Paragould, AR Micropolitan Statistical Area",-90.522794,36.076562,37331,1 
"37540","Paris, TN Micropolitan Statistical Area",-88.297105,36.318773,31115,1 
"37580","Paris, TX Micropolitan Statistical Area",-95.534844,33.673598,48499,1 
"37620","Parkersburg-Marietta-Vienna, WV-OH Metropolitan Statistical Area",-81.502184,39.320678,164624,1 
"37660","Parsons, KS Micropolitan Statistical Area",-95.256902,37.25914,22835,1 
"37700","Pascagoula, MS Metropolitan Statistical Area",-88.641198,30.490964,150564,1 
"37740","Payson, AZ Micropolitan Statistical Area",-110.997079,33.799616,51335,1 
"37780","Pecos, TX Micropolitan Statistical Area",-103.528449,31.372015,13137,1 
"37800","Pella, IA Micropolitan Statistical Area",-93.043511,41.351941,32052,1 
"37820","Pendleton-Hermiston, OR Micropolitan Statistical Area",-119.018812,45.781907,81543,1 
"37860","Pensacola-Ferry Pass-Brent, FL Metropolitan Statistical Area",-87.207227,30.503942,412153,1 
"37900","Peoria, IL Metropolitan Statistical Area",-89.559632,40.709739,366899,1 
"37940","Peru, IN Micropolitan Statistical Area",-86.068818,40.740408,36082,1 
"37980","Philadelphia-Camden-Wilmington, PA-NJ-DE-MD Metropolitan Statistical Area",-75.233908,39.97855,5687147,1 
"38020","Phoenix Lake-Cedar Ridge, CA Micropolitan Statistical Area",-120.326674,37.974786,54501,1 
"38060","Phoenix-Mesa-Scottsdale, AZ Metropolitan Statistical Area",-111.993878,33.470939,3251876,1 
"38100","Picayune, MS Micropolitan Statistical Area",-89.631811,30.641689,48621,1 
"38180","Pierre, SD Micropolitan Statistical Area",-100.318413,44.375552,19253,1 
"38200","Pierre Part, LA Micropolitan Statistical Area",-91.064442,29.9256,23388,1 
"38220","Pine Bluff, AR Metropolitan Statistical Area",-92.006826,34.172818,107341,1 
"38260","Pittsburg, KS Micropolitan Statistical Area",-94.733495,37.441595,38242,1 
"38300","Pittsburgh, PA Metropolitan Statistical Area",-79.917166,40.433054,2431087,1 
"38340","Pittsfield, MA Metropolitan Statistical Area",-73.217195,42.46323,134953,1 
"38380","Plainview, TX Micropolitan Statistical Area",-101.741313,34.143203,36602,1 
"38420","Platteville, WI Micropolitan Statistical Area",-90.621381,42.825949,49597,1 
"38460","Plattsburgh, NY Micropolitan Statistical Area",-73.548876,44.731944,79894,1 
"38500","Plymouth, IN Micropolitan Statistical Area",-86.274295,41.347031,45128,1 
"38540","Pocatello, ID Metropolitan Statistical Area",-112.459671,42.858055,83103,1 
"38580","Point Pleasant, WV-OH Micropolitan Statistical Area",-82.174625,38.83105,57026,1 
"38620","Ponca City, OK Micropolitan Statistical Area",-97.130384,36.745487,48080,1 
"38700","Pontiac, IL Micropolitan Statistical Area",-88.574017,40.907315,39678,1 
"38740","Poplar Bluff, MO Micropolitan Statistical Area",-90.409944,36.751259,40867,1 
"38780","Portales, NM Micropolitan Statistical Area",-103.350949,34.165113,18018,1 
"38820","Port Angeles, WA Micropolitan Statistical Area",-123.488006,48.094628,64525,1 
"38860","Portland-South Portland-Biddeford, ME Metropolitan Statistical Area",-70.39632,43.636227,487568,1 
"38900","Portland-Vancouver-Beaverton, OR-WA Metropolitan Statistical Area",-122.676927,45.508993,1927881,1 
"38940","Port St. Lucie, FL Metropolitan Statistical Area",-80.302951,27.274039,319426,1 
"39020","Portsmouth, OH Micropolitan Statistical Area",-82.945583,38.781203,79195,1 
"39060","Pottsville, PA Micropolitan Statistical Area",-76.198471,40.716256,150336,1 
"39100","Poughkeepsie-Newburgh-Middletown, NY Metropolitan Statistical Area",-74.060917,41.541348,621517,1 
"39140","Prescott, AZ Metropolitan Statistical Area",-112.258702,34.62493,167517,1 
"39220","Price, UT Micropolitan Statistical Area",-110.774839,39.600981,20422,1 
"39260","Prineville, OR Micropolitan Statistical Area",-120.834074,44.288545,19182,1 
"39300","Providence-New Bedford-Fall River, RI-MA Metropolitan Statistical Area",-71.333784,41.766258,1582997,1 
"39340","Provo-Orem, UT Metropolitan Statistical Area",-111.708878,40.250938,376774,1 
"39380","Pueblo, CO Metropolitan Statistical Area",-104.63387,38.258034,141472,1 
"39420","Pullman, WA Micropolitan Statistical Area",-117.235695,46.810063,40740,1 
"39460","Punta Gorda, FL Metropolitan Statistical Area",-82.117819,26.958364,141627,1 
"39500","Quincy, IL-MO Micropolitan Statistical Area",-91.370894,39.963354,78771,1 
"39540","Racine, WI Metropolitan Statistical Area",-87.920602,42.734625,188831,1 
"39580","Raleigh-Cary, NC Metropolitan Statistical Area",-78.605838,35.773702,797071,1 
"39660","Rapid City, SD Metropolitan Statistical Area",-103.22717,44.116235,112818,1 
"39700","Raymondville, TX Micropolitan Statistical Area",-97.776716,26.453458,20082,1 
"39740","Reading, PA Metropolitan Statistical Area",-75.908758,40.36645,373638,1 
"39780","Red Bluff, CA Micropolitan Statistical Area",-122.216403,40.108117,56039,1 
"39820","Redding, CA Metropolitan Statistical Area",-122.292519,40.584124,163256,1 
"39860","Red Wing, MN Micropolitan Statistical Area",-92.668447,44.451436,44127,1 
"39900","Reno-Sparks, NV Metropolitan Statistical Area",-119.796181,39.529278,342885,1 
"39940","Rexburg, ID Micropolitan Statistical Area",-111.738721,43.876839,39286,1 
"39980","Richmond, IN Micropolitan Statistical Area",-84.947821,39.841829,71097,1 
"40060","Richmond, VA Metropolitan Statistical Area",-77.496316,37.513391,1096957,1 
"40080","Richmond-Berea, KY Micropolitan Statistical Area",-84.297495,37.643596,87454,1 
"40100","Rio Grande City-Roma, TX Micropolitan Statistical Area",-98.846341,26.390357,53597,1 
"40140","Riverside-San Bernardino-Ontario, CA Metropolitan Statistical Area",-117.209272,34.005581,3254821,1 
"40180","Riverton, WY Micropolitan Statistical Area",-108.610588,43.014723,35804,1 
"40220","Roanoke, VA Metropolitan Statistical Area",-79.953506,37.254535,288309,1 
"40260","Roanoke Rapids, NC Micropolitan Statistical Area",-77.60294,36.371055,79456,1 
"40300","Rochelle, IL Micropolitan Statistical Area",-89.264958,42.025754,51032,1 
"40340","Rochester, MN Metropolitan Statistical Area",-92.473222,44.059078,163618,1 
"40380","Rochester, NY Metropolitan Statistical Area",-77.573717,43.113393,1037831,1 
"40420","Rockford, IL Metropolitan Statistical Area",-89.036539,42.300621,320204,1 
"40460","Rockingham, NC Micropolitan Statistical Area",-79.731997,34.944379,46564,1 
"40500","Rockland, ME Micropolitan Statistical Area",-69.157403,44.129198,39618,1 
"40540","Rock Springs, WY Micropolitan Statistical Area",-109.302073,41.577416,37613,1 
"40580","Rocky Mount, NC Metropolitan Statistical Area",-77.818564,35.933118,143026,1 
"40620","Rolla, MO Micropolitan Statistical Area",-91.749431,37.94184,39825,1 
"40660","Rome, GA Metropolitan Statistical Area",-85.182467,34.25449,90565,1 
"40700","Roseburg, OR Micropolitan Statistical Area",-123.390684,43.241973,100399,1 
"40740","Roswell, NM Micropolitan Statistical Area",-104.511579,33.364629,61382,1 
"40760","Ruidoso, NM Micropolitan Statistical Area",-105.631703,33.422764,19411,1 
"40780","Russellville, AR Micropolitan Statistical Area",-93.151129,35.256032,75608,1 
"40820","Ruston, LA Micropolitan Statistical Area",-92.647175,32.478418,57906,1 
"40860","Rutland, VT Micropolitan Statistical Area",-73.043896,43.601322,63400,1 
"40900","Sacramento--Arden-Arcade--Roseville, CA Metropolitan Statistical Area",-121.318491,38.63247,1796857,1 
"40940","Safford, AZ Micropolitan Statistical Area",-109.699654,32.891882,42036,1 
"40980","Saginaw-Saginaw Township North, MI Metropolitan Statistical Area",-83.988225,43.395733,210039,1 
"41060","St. Cloud, MN Metropolitan Statistical Area",-94.313221,45.571519,167392,1 
"41100","St. George, UT Metropolitan Statistical Area",-113.522324,37.139731,90354,1 
"41140","St. Joseph, MO-KS Metropolitan Statistical Area",-94.795448,39.783034,122336,1 
"41180","St. Louis, MO-IL Metropolitan Statistical Area",-90.340373,38.647153,2700011,1 
"41220","St. Marys, GA Micropolitan Statistical Area",-81.631704,30.813538,43664,1 
"41260","St. Marys, PA Micropolitan Statistical Area",-78.621436,41.420699,35112,1 
"41420","Salem, OR Metropolitan Statistical Area",-123.002435,44.95329,347214,1 
"41460","Salina, KS Micropolitan Statistical Area",-97.616305,38.845731,59760,1 
"41500","Salinas, CA Metropolitan Statistical Area",-121.666828,36.621275,401762,1 
"41540","Salisbury, MD Metropolitan Statistical Area",-75.629546,38.315911,109391,1 
"41580","Salisbury, NC Micropolitan Statistical Area",-80.521142,35.622696,130340,1 
"41620","Salt Lake City, UT Metropolitan Statistical Area",-111.920268,40.652937,968858,1 
"41660","San Angelo, TX Metropolitan Statistical Area",-100.465078,31.450982,105781,1 
"41700","San Antonio, TX Metropolitan Statistical Area",-98.492751,29.476849,1711703,1 
"41740","San Diego-Carlsbad-San Marcos, CA Metropolitan Statistical Area",-117.113762,32.882077,2813833,1 
"41780","Sandusky, OH Metropolitan Statistical Area",-82.631242,41.407076,79551,1 
"41820","Sanford, NC Micropolitan Statistical Area",-79.172116,35.461975,49040,1 
"41860","San Francisco-Oakland-Fremont, CA Metropolitan Statistical Area",-122.222507,37.762003,4123740,1 
"41940","San Jose-Sunnyvale-Santa Clara, CA Metropolitan Statistical Area",-121.895541,37.300691,1735819,1 
"42020","San Luis Obispo-Paso Robles, CA Metropolitan Statistical Area",-120.673239,35.339069,246681,1 
"42060","Santa Barbara-Santa Maria-Goleta, CA Metropolitan Statistical Area",-120.071463,34.622048,399347,1 
"42100","Santa Cruz-Watsonville, CA Metropolitan Statistical Area",-121.939176,36.987764,255602,1 
"42140","Santa Fe, NM Metropolitan Statistical Area",-105.99899,35.634001,129292,1 
"42220","Santa Rosa-Petaluma, CA Metropolitan Statistical Area",-122.721155,38.41282,458614,1 
"42300","Sault Ste. Marie, MI Micropolitan Statistical Area",-84.39097,46.377985,38543,1 
"42340","Savannah, GA Metropolitan Statistical Area",-81.156923,32.060223,293000,1 
"42380","Sayre, PA Micropolitan Statistical Area",-76.529137,41.833269,62761,1 
"42420","Scottsbluff, NE Micropolitan Statistical Area",-103.683626,41.85963,37770,1 
"42460","Scottsboro, AL Micropolitan Statistical Area",-85.940169,34.733704,53926,1 
"42500","Scottsburg, IN Micropolitan Statistical Area",-85.763814,38.700099,22960,1 
"42540","Scranton--Wilkes-Barre, PA Metropolitan Statistical Area",-75.816758,41.312021,560625,1 
"42580","Seaford, DE Micropolitan Statistical Area",-75.356267,38.659345,156638,1 
"42620","Searcy, AR Micropolitan Statistical Area",-91.756047,35.249876,67165,1 
"42660","Seattle-Tacoma-Bellevue, WA Metropolitan Statistical Area",-122.269988,47.540273,3043878,1 
"42680","Sebastian-Vero Beach, FL Metropolitan Statistical Area",-80.433672,27.667485,112947,1 
"42700","Sebring, FL Micropolitan Statistical Area",-81.439064,27.459772,87366,1 
"42740","Sedalia, MO Micropolitan Statistical Area",-93.246671,38.703844,39403,1 
"42780","Selinsgrove, PA Micropolitan Statistical Area",-76.983223,40.786302,37546,1 
"42820","Selma, AL Micropolitan Statistical Area",-87.034494,32.405732,46365,1 
"42860","Seneca, SC Micropolitan Statistical Area",-83.010843,34.708442,66215,1 
"42900","Seneca Falls, NY Micropolitan Statistical Area",-76.827578,42.833627,33342,1 
"42940","Sevierville, TN Micropolitan Statistical Area",-83.578451,35.857932,71170,1 
"42980","Seymour, IN Micropolitan Statistical Area",-85.94341,38.926024,41335,1 
"43060","Shawnee, OK Micropolitan Statistical Area",-96.950771,35.314752,65521,1 
"43100","Sheboygan, WI Metropolitan Statistical Area",-87.817966,43.733745,112646,1 
"43140","Shelby, NC Micropolitan Statistical Area",-81.514228,35.293009,96287,1 
"43180","Shelbyville, TN Micropolitan Statistical Area",-86.464354,35.5106,37586,1 
"43220","Shelton, WA Micropolitan Statistical Area",-123.045969,47.282793,49405,1 
"43260","Sheridan, WY Micropolitan Statistical Area",-106.975193,44.780765,26560,1 
"43300","Sherman-Denison, TX Metropolitan Statistical Area",-96.621513,33.655617,110595,1 
"43320","Show Low, AZ",-110.225591,34.977183,97470,1 
"43340","Shreveport-Bossier City, LA Metropolitan Statistical Area",-93.760599,32.470819,375965,1 
"43380","Sidney, OH Micropolitan Statistical Area",-84.190196,40.317032,47910,1 
"43420","Sierra Vista-Douglas, AZ Micropolitan Statistical Area",-110.047567,31.610327,117755,1 
"43460","Sikeston, MO Micropolitan Statistical Area",-89.579103,37.009381,40422,1 
"43500","Silver City, NM Micropolitan Statistical Area",-108.238539,32.77846,31002,1 
"43540","Silverthorne, CO Micropolitan Statistical Area",-106.055752,39.575186,23548,1 
"43580","Sioux City, IA-NE-SD Metropolitan Statistical Area",-96.402053,42.49837,143053,1 
"43620","Sioux Falls, SD Metropolitan Statistical Area",-96.768616,43.527976,187093,1 
"43660","Snyder, TX Micropolitan Statistical Area",-100.905043,32.704658,16361,1 
"43700","Somerset, KY Micropolitan Statistical Area",-84.613074,37.091683,56217,1 
"43740","Somerset, PA Micropolitan Statistical Area",-79.009505,40.031389,80023,1 
"43780","South Bend-Mishawaka, IN-MI Metropolitan Statistical Area",-86.197972,41.711333,316663,1 
"43860","Southern Pines-Pinehurst, NC Micropolitan Statistical Area",-79.445728,35.25057,74769,1 
"43900","Spartanburg, SC Metropolitan Statistical Area",-81.992063,34.961099,253791,1 
"43940","Spearfish, SD Micropolitan Statistical Area",-103.800782,44.443373,21802,1 
"43980","Spencer, IA Micropolitan Statistical Area",-95.160051,43.124538,17372,1 
"44020","Spirit Lake, IA Micropolitan Statistical Area",-95.1344,43.390357,16424,1 
"44060","Spokane, WA Metropolitan Statistical Area",-117.373463,47.679974,417939,1 
"44100","Springfield, IL Metropolitan Statistical Area",-89.661404,39.789061,201437,1 
"44140","Springfield, MA Metropolitan Statistical Area",-72.574063,42.215284,680014,1 
"44180","Springfield, MO Metropolitan Statistical Area",-93.259943,37.226447,368374,1 
"44220","Springfield, OH Metropolitan Statistical Area",-83.833093,39.925832,144742,1 
"44260","Starkville, MS Micropolitan Statistical Area",-88.831627,33.449622,42902,1 
"44300","State College, PA Metropolitan Statistical Area",-77.841071,40.842167,135758,1 
"44340","Statesboro, GA Micropolitan Statistical Area",-81.763353,32.420138,55983,1 
"44380","Statesville-Mooresville, NC Micropolitan Statistical Area",-80.870941,35.729122,122660,1 
"44420","Staunton-Waynesboro, VA Micropolitan Statistical Area",-79.021145,38.123954,108988,1 
"44500","Stephenville, TX Micropolitan Statistical Area",-98.232292,32.201436,33001,1 
"44540","Sterling, CO Micropolitan Statistical Area",-103.184821,40.643382,20504,1 
"44580","Sterling, IL Micropolitan Statistical Area",-89.823583,41.78194,60653,1 
"44620","Stevens Point, WI Micropolitan Statistical Area",-89.527529,44.498562,67182,1 
"44660","Stillwater, OK Micropolitan Statistical Area",-96.994381,36.088139,68190,1 
"44700","Stockton, CA Metropolitan Statistical Area",-121.291394,37.944264,563598,1 
"44740","Storm Lake, IA Micropolitan Statistical Area",-95.179661,42.682232,20411,1 
"44780","Sturgis, MI Micropolitan Statistical Area",-85.524981,41.887118,62422,1 
"44860","Sulphur Springs, TX Micropolitan Statistical Area",-95.587196,33.125542,31960,1 
"44900","Summerville, GA Micropolitan Statistical Area",-85.344054,34.496965,25470,1 
"44940","Sumter, SC Metropolitan Statistical Area",-80.386398,33.930212,104646,1 
"44980","Sunbury, PA Micropolitan Statistical Area",-76.680994,40.871832,94556,1 
"45000","Susanville, CA Micropolitan Statistical Area",-120.553699,40.477505,33828,1 
"45020","Sweetwater, TX Micropolitan Statistical Area",-100.412041,32.448105,15802,1 
"45060","Syracuse, NY Metropolitan Statistical Area",-76.147181,43.118509,650154,1 
"45140","Tahlequah, OK Micropolitan Statistical Area",-94.993389,35.901037,42521,1 
"45180","Talladega-Sylacauga, AL Micropolitan Statistical Area",-86.173421,33.365011,80321,1 
"45220","Tallahassee, FL Metropolitan Statistical Area",-84.306039,30.466076,320304,1 
"45260","Tallulah, LA Micropolitan Statistical Area",-91.195862,32.400206,13728,1 
"45300","Tampa-St. Petersburg-Clearwater, FL Metropolitan Statistical Area",-82.55624,28.019903,2395997,1 
"45340","Taos, NM Micropolitan Statistical Area",-105.608684,36.43745,29979,1 
"45380","Taylorville, IL Micropolitan Statistical Area",-89.253605,39.524542,35372,1 
"45460","Terre Haute, IN Metropolitan Statistical Area",-87.352809,39.446801,170943,1 
"45500","Texarkana, TX-Texarkana, AR Metropolitan Statistical Area",-94.139223,33.424299,129749,1 
"45540","The Villages, FL Micropolitan Statistical Area",-82.062902,28.786691,53345,1 
"45580","Thomaston, GA Micropolitan Statistical Area",-84.324732,32.905561,27597,1 
"45620","Thomasville, GA Micropolitan Statistical Area",-83.947675,30.867496,42737,1 
"45640","Thomasville-Lexington, NC Micropolitan Statistical Area",-80.202054,35.847116,147246,1 
"45660","Tiffin, OH Micropolitan Statistical Area",-83.202879,41.128551,58683,1 
"45700","Tifton, GA Micropolitan Statistical Area",-83.516283,31.45192,38407,1 
"45740","Toccoa, GA Micropolitan Statistical Area",-83.291135,34.55854,25435,1 
"45780","Toledo, OH Metropolitan Statistical Area",-83.605014,41.603879,659188,1 
"45820","Topeka, KS Metropolitan Statistical Area",-95.696747,39.043783,224551,1 
"45860","Torrington, CT Micropolitan Statistical Area",-73.189655,41.728208,182193,1 
"45900","Traverse City, MI Micropolitan Statistical Area",-85.621828,44.739207,131342,1 
"45940","Trenton-Ewing, NJ Metropolitan Statistical Area",-74.703668,40.255412,350761,1 
"45980","Troy, AL Micropolitan Statistical Area",-85.942882,31.784171,29605,1 
"46020","Truckee-Grass Valley, CA Micropolitan Statistical Area",-120.927331,39.217391,92033,1 
"46060","Tucson, AZ Metropolitan Statistical Area",-110.960352,32.225677,843746,1 
"46100","Tullahoma, TN Micropolitan Statistical Area",-86.135283,35.337535,93024,1 
"46140","Tulsa, OK Metropolitan Statistical Area",-95.930945,36.105276,859532,1 
"46180","Tupelo, MS Micropolitan Statistical Area",-88.71426,34.269126,125251,1 
"46220","Tuscaloosa, AL Metropolitan Statistical Area",-87.55464,33.15361,192034,1 
"46260","Tuskegee, AL Micropolitan Statistical Area",-85.709513,32.423496,24105,1 
"46300","Twin Falls, ID Micropolitan Statistical Area",-114.496618,42.588634,82626,1 
"46340","Tyler, TX Metropolitan Statistical Area",-95.296129,32.328367,174706,1 
"46380","Ukiah, CA Micropolitan Statistical Area",-123.3972,39.283755,86265,1 
"46420","Union, SC Micropolitan Statistical Area",-81.62429,34.730484,29881,1 
"46460","Union City, TN-KY Micropolitan Statistical Area",-89.072118,36.423691,40202,1 
"46500","Urbana, OH Micropolitan Statistical Area",-83.760706,40.120649,38890,1 
"46540","Utica-Rome, NY Metropolitan Statistical Area",-75.282881,43.132413,299896,1 
"46620","Uvalde, TX Micropolitan Statistical Area",-99.758292,29.244542,25926,1 
"46660","Valdosta, GA Metropolitan Statistical Area",-83.294574,30.859844,119560,1 
"46700","Vallejo-Fairfield, CA Metropolitan Statistical Area",-122.07393,38.23289,394542,1 
"46740","Valley, AL Micropolitan Statistical Area",-85.265907,32.86135,36583,1 
"46780","Van Wert, OH Micropolitan Statistical Area",-84.566776,40.855552,29659,1 
"46820","Vermillion, SD Micropolitan Statistical Area",-96.940868,42.814639,13537,1 
"46860","Vernal, UT Micropolitan Statistical Area",-109.599683,40.42517,25224,1 
"46900","Vernon, TX Micropolitan Statistical Area",-99.294736,34.147167,14676,1 
"46980","Vicksburg, MS Micropolitan Statistical Area",-90.849391,32.324659,49644,1 
"47020","Victoria, TX Metropolitan Statistical Area",-96.946893,28.768583,111663,1 
"47080","Vidalia, GA Micropolitan Statistical Area",-82.407858,32.17917,34337,1 
"47180","Vincennes, IN Micropolitan Statistical Area",-87.454075,38.699612,39256,1 
"47220","Vineland-Millville-Bridgeton, NJ Metropolitan Statistical Area",-75.08876,39.429365,146438,1 
"47260","Virginia Beach-Norfolk-Newport News, VA-NC Metropolitan Statistical Area",-76.315812,36.921266,1576370,1 
"47300","Visalia-Porterville, CA Metropolitan Statistical Area",-119.225947,36.248899,368021,1 
"47340","Wabash, IN Micropolitan Statistical Area",-85.802388,40.854882,34960,1 
"47380","Waco, TX Metropolitan Statistical Area",-97.166542,31.543843,213517,1 
"47420","Wahpeton, ND-MN Micropolitan Statistical Area",-96.69935,46.273814,25136,1 
"47460","Walla Walla, WA Micropolitan Statistical Area",-118.393178,46.081746,55180,1 
"47500","Walterboro, SC Micropolitan Statistical Area",-80.65711,32.91042,38264,1 
"47540","Wapakoneta, OH Micropolitan Statistical Area",-84.271368,40.544884,46611,1 
"47580","Warner Robins, GA Metropolitan Statistical Area",-83.656889,32.575285,110765,1 
"47620","Warren, PA Micropolitan Statistical Area",-79.233964,41.849869,43863,1 
"47660","Warrensburg, MO Micropolitan Statistical Area",-93.762406,38.753525,48258,1 
"47700","Warsaw, IN Micropolitan Statistical Area",-85.829061,41.267811,74057,1 
"47780","Washington, IN Micropolitan Statistical Area",-87.10172,38.696308,29820,1 
"47820","Washington, NC Micropolitan Statistical Area",-76.947389,35.517454,44958,1 
"47900","Washington-Arlington-Alexandria, DC-VA-MD-WV Metropolitan Statistical Area",-77.165829,38.898368,4796183,1 
"47920","Washington Court House, OH Micropolitan Statistical Area",-83.44653,39.549649,28433,1 
"47940","Waterloo-Cedar Falls, IA Metropolitan Statistical Area",-92.396756,42.518887,163706,1 
"47980","Watertown, SD Micropolitan Statistical Area",-97.132944,44.86792,31437,1 
"48020","Watertown-Fort Atkinson, WI Micropolitan Statistical Area",-88.789118,43.041359,74021,1 
"48060","Watertown-Fort Drum, NY Micropolitan Statistical Area",-75.898932,44.019295,111738,1 
"48100","Wauchula, FL Micropolitan Statistical Area",-81.813849,27.551158,26938,1 
"48140","Wausau, WI Metropolitan Statistical Area",-89.710929,44.910937,125834,1 
"48180","Waycross, GA Micropolitan Statistical Area",-82.337354,31.253387,51119,1 
"48260","Weirton-Steubenville, WV-OH Metropolitan Statistical Area",-80.641202,40.382165,132008,1 
"48300","Wenatchee, WA Metropolitan Statistical Area",-120.286745,47.527287,99219,1 
"48460","West Plains, MO Micropolitan Statistical Area",-91.873474,36.792553,37238,1 
"48500","West Point, MS Micropolitan Statistical Area",-88.697367,33.625385,21979,1 
"48540","Wheeling, WV-OH Metropolitan Statistical Area",-80.77661,40.025593,153172,1 
"48580","Whitewater, WI Micropolitan Statistical Area",-88.549786,42.669667,93759,1 
"48620","Wichita, KS Metropolitan Statistical Area",-97.311162,37.686915,571166,1 
"48660","Wichita Falls, TX Metropolitan Statistical Area",-98.533674,33.905075,151524,1 
"48700","Williamsport, PA Metropolitan Statistical Area",-76.986713,41.250072,120044,1 
"48740","Willimantic, CT Micropolitan Statistical Area",-71.994311,41.804832,109091,1 
"48780","Williston, ND Micropolitan Statistical Area",-103.559845,48.203535,19761,1 
"48820","Willmar, MN Micropolitan Statistical Area",-95.017016,45.152625,41203,1 
"48900","Wilmington, NC Metropolitan Statistical Area",-77.974576,34.202459,274532,1 
"48940","Wilmington, OH Micropolitan Statistical Area",-83.839227,39.410357,40543,1 
"48980","Wilson, NC Micropolitan Statistical Area",-77.924708,35.724444,73814,1 
"49020","Winchester, VA-WV Metropolitan Statistical Area",-78.271153,39.203733,102997,1 
"49060","Winfield, KS Micropolitan Statistical Area",-96.995422,37.175726,36291,1 
"49100","Winona, MN Micropolitan Statistical Area",-91.711557,44.024373,49985,1 
"49180","Winston-Salem, NC Metropolitan Statistical Area",-80.316412,36.125015,421961,1 
"49260","Woodward, OK Micropolitan Statistical Area",-99.379875,36.42515,18486,1 
"49300","Wooster, OH Micropolitan Statistical Area",-81.863658,40.839872,111564,1 
"49340","Worcester, MA Metropolitan Statistical Area",-71.806993,42.306288,750963,1 
"49380","Worthington, MN Micropolitan Statistical Area",-95.677694,43.639113,20832,1 
"49420","Yakima, WA Metropolitan Statistical Area",-120.421676,46.51707,222581,1 
"49460","Yankton, SD Micropolitan Statistical Area",-97.39294,42.904333,21652,1 
"49540","Yazoo City, MS Micropolitan Statistical Area",-90.382459,32.823178,28149,1 
"49620","York-Hanover, PA Metropolitan Statistical Area",-76.750394,39.940915,381751,1 
"49660","Youngstown-Warren-Boardman, OH-PA Metropolitan Statistical Area",-80.649149,41.164229,602964,1 
"49700","Yuba City, CA Metropolitan Statistical Area",-121.578535,39.14104,139149,1 
"49740","Yuma, AZ Metropolitan Statistical Area",-114.590382,32.663265,160026,1 
"49780","Zanesville, OH Micropolitan Statistical Area",-81.996441,39.959371,84585,1 
