"msa_code","city","state","label"
"10020","Abbeville","LA","AbbvllLA"
"10100","Aberdeen","SD","AberdnSD"
"10140","Aberdeen","WA","AberdnWA"
"10180","Abilene","TX","AbilenTX"
"10220","Ada","OK","AdaOK"
"10260","Adjuntas","PR","AdjntsPR"
"10300","Adrian","MI","AdrianMI"
"10420","Akron","OH","AkronOH"
"10460","Alamogordo","NM","AlmgrdNM"
"10500","Albany","GA","AlbanyGA"
"10540","Albany","OR","AlbanyOR"
"10580","Albany","NY","AlbanyNY"
"10620","Albemarle","NC","AlbmrlNC"
"10660","Albert Lea","MN","AlbrtLMN"
"10700","Albertville","AL","AlbrtvAL"
"10740","Albuquerque","NM","AlbqrqNM"
"10760","Alexander City","AL","AlxndCAL"
"10780","Alexandria","LA","AlxndrLA"
"10820","Alexandria","MN","AlxndrMN"
"10860","Alice","TX","AliceTX"
"10880","Allegan","MI","AllegnMI"
"10900","Allentown","PA","AllntwPA"
"10940","Alma","MI","AlmaMI"
"10980","Alpena","MI","AlpenaMI"
"11020","Altoona","PA","AltoonPA"
"11060","Altus","OK","AltusOK"
"11100","Amarillo","TX","AmarllTX"
"11140","Americus","GA","AmercsGA"
"11180","Ames","IA","AmesIA"
"11220","Amsterdam","NY","AmstrdNY"
"11260","Anchorage","AK","AnchrgAK"
"11300","Anderson","IN","AndrsnIN"
"11340","Anderson","SC","AndrsnSC"
"11380","Andrews","TX","AndrwsTX"
"11420","Angola","IN","AngolaIN"
"11460","Ann Arbor","MI","AnnArbMI"
"11500","Anniston","AL","AnnstnAL"
"11540","Appleton","WI","AppltnWI"
"11580","Arcadia","FL","ArcadiFL"
"11620","Ardmore","OK","ArdmorOK"
"11660","Arkadelphia","AR","ArkdlpAR"
"11700","Asheville","NC","AshvllNC"
"11740","Ashland","OH","AshlndOH"
"11780","Ashtabula","OH","AshtblOH"
"11820","Astoria","OR","AstoriOR"
"11860","Atchison","KS","AtchsnKS"
"11900","Athens","OH","AthensOH"
"11940","Athens","TN","AthensTN"
"11980","Athens","TX","AthensTX"
"12020","Athens","GA","AthensGA"
"12060","Atlanta","GA","AtlantGA"
"12100","Atlantic City","NJ","AtlntCNJ"
"12140","Auburn","IN","AuburnIN"
"12180","Auburn","NY","AuburnNY"
"12220","Auburn","AL","AuburnAL"
"12260","Augusta","GA","AugustGA"
"12300","Augusta","ME","AugustME"
"12380","Austin","MN","AustinMN"
"12420","Austin","TX","AustinTX"
"12460","Bainbridge","GA","BnbrdgGA"
"12540","Bakersfield","CA","BkrsflCA"
"12580","Baltimore","MD","BaltmrMD"
"12620","Bangor","ME","BangorME"
"12660","Baraboo","WI","BaraboWI"
"12700","Barnstable Town","MA","BrnstTMA"
"12740","Barre","VT","BarreVT"
"12780","Bartlesville","OK","BrtlsvOK"
"12820","Bastrop","LA","BastrpLA"
"12860","Batavia","NY","BataviNY"
"12900","Batesville","AR","BtsvllAR"
"12940","Baton Rouge","LA","BatnRgLA"
"12980","Battle Creek","MI","BttlCrMI"
"13020","Bay City","MI","BayCtyMI"
"13060","Bay City","TX","BayCtyTX"
"13100","Beatrice","NE","BeatrcNE"
"13140","Beaumont","TX","BeamntTX"
"13180","Beaver Dam","WI","BevrDmWI"
"13220","Beckley","WV","BecklyWV"
"13260","Bedford","IN","BedfrdIN"
"13300","Beeville","TX","BeevllTX"
"13340","Bellefontaine","OH","BllfntOH"
"13380","Bellingham","WA","BllnghWA"
"13420","Bemidji","MN","BemidjMN"
"13460","Bend","OR","BendOR"
"13500","Bennettsville","SC","BnnttsSC"
"13540","Bennington","VT","BnnngtVT"
"13620","Berlin","NH","BerlinNH"
"13660","Big Rapids","MI","BgRpdsMI"
"13700","Big Spring","TX","BgSprnTX"
"13740","Billings","MT","BllngsMT"
"13780","Binghamton","NY","BnghmtNY"
"13820","Birmingham","AL","BrmnghAL"
"13860","Bishop","CA","BishopCA"
"13900","Bismarck","ND","BsmrckND"
"13940","Blackfoot","ID","BlckftID"
"13980","Blacksburg","VA","BlcksbVA"
"14020","Bloomington","IN","BlmngtIN"
"14060","Bloomington","IL","BlmngtIL"
"14100","Bloomsburg","PA","BlmsbrPA"
"14140","Bluefield","WV","BlufldWV"
"14180","Blytheville","AR","BlythvAR"
"14220","Bogalusa","LA","BogalsLA"
"14260","Boise City","ID","BosCtyID"
"14300","Bonham","TX","BonhamTX"
"14340","Boone","IA","BooneIA"
"14380","Boone","NC","BooneNC"
"14420","Borger","TX","BorgerTX"
"14460","Boston","MA","BostonMA"
"14500","Boulder","CO","BouldrCO"
"14540","Bowling Green","KY","BwlngGKY"
"14580","Bozeman","MT","BozemnMT"
"14600","Bradenton","FL","BrdntnFL"
"14620","Bradford","PA","BrdfrdPA"
"14660","Brainerd","MN","BranrdMN"
"14700","Branson","MO","BransnMO"
"14740","Bremerton","WA","BrmrtnWA"
"14780","Brenham","TX","BrenhmTX"
"14820","Brevard","NC","BrevrdNC"
"14860","Bridgeport","CT","BrdgprCT"
"14940","Brigham City","UT","BrghmCUT"
"15020","Brookhaven","MS","BrkhvnMS"
"15060","Brookings","OR","BrkngsOR"
"15100","Brookings","SD","BrkngsSD"
"15140","Brownsville","TN","BrwnsvTN"
"15180","Brownsville","TX","BrwnsvTX"
"15220","Brownwood","TX","BrwnwdTX"
"15260","Brunswick","GA","BrnswcGA"
"15340","Bucyrus","OH","BucyrsOH"
"15380","Buffalo","NY","BuffalNY"
"15420","Burley","ID","BurleyID"
"15460","Burlington","IA","BrlngtIA"
"15500","Burlington","NC","BrlngtNC"
"15540","Burlington","VT","BrlngtVT"
"15580","Butte","MT","ButteMT"
"15620","Cadillac","MI","CadllcMI"
"15660","Calhoun","GA","CalhonGA"
"15700","Cambridge","MD","CmbrdgMD"
"15740","Cambridge","OH","CmbrdgOH"
"15780","Camden","AR","CamdenAR"
"15820","Campbellsville","KY","CmpbllKY"
"15860","Canon City","CO","CnnCtyCO"
"15900","Canton","IL","CantonIL"
"15940","Canton","OH","CantonOH"
"15980","Cape Coral","FL","CapCrlFL"
"16020","Cape Girardeau","MO","CpGrrdMO"
"16060","Carbondale","IL","CrbndlIL"
"16100","Carlsbad","NM","CrlsbdNM"
"16180","Carson City","NV","CrsnCtNV"
"16220","Casper","WY","CasperWY"
"16260","Cedar City","UT","CdrCtyUT"
"16300","Cedar Rapids","IA","CdrRpdIA"
"16340","Cedartown","GA","CdrtwnGA"
"16380","Celina","OH","CelinaOH"
"16420","Central City","KY","CntrlCKY"
"16460","Centralia","IL","CentrlIL"
"16500","Centralia","WA","CentrlWA"
"16540","Chambersburg","PA","ChmbrsPA"
"16580","Champaign","IL","ChmpgnIL"
"16620","Charleston","WV","ChrlstWV"
"16660","Charleston","IL","ChrlstIL"
"16700","Charleston","SC","ChrlstSC"
"16740","Charlotte","NC","CharlttNC"
"16820","Charlottesville","VA","ChrlttsVA"
"16860","Chattanooga","TN","ChttngTN"
"16900","Chester","SC","ChestrSC"
"16940","Cheyenne","WY","CheynnWY"
"16980","Chicago","IL","ChicagIL"
"17020","Chico","CA","ChicoCA"
"17060","Chillicothe","OH","ChllctOH"
"17140","Cincinnati","OH","CncnntOH"
"17200","Claremont","NH","ClrmntNH"
"17220","Clarksburg","WV","ClrksbWV"
"17260","Clarksdale","MS","ClrksdMS"
"17300","Clarksville","TN","ClrksvTN"
"17340","Clearlake","CA","ClerlkCA"
"17380","Cleveland","MS","ClvlndMS"
"17420","Cleveland","TN","ClvlndTN"
"17460","Cleveland","OH","ClvlndOH"
"17500","Clewiston","FL","ClwstnFL"
"17540","Clinton","IA","ClintnIA"
"17580","Clovis","NM","ClovisNM"
"17620","Coamo","PR","CoamoPR"
"17660","Coeur d'Alene","ID","Crd'AlID"
"17700","Coffeyville","KS","CffyvlKS"
"17740","Coldwater","MI","CldwtrMI"
"17780","College Station","TX","CllgStTX"
"17820","Colorado Springs","CO","ClrdSpCO"
"17860","Columbia","MO","ColumbMO"
"17900","Columbia","SC","ColumbSC"
"17940","Columbia","TN","ColumbTN"
"17980","Columbus","GA","ColmbsGA"
"18020","Columbus","IN","ColmbsIN"
"18060","Columbus","MS","ColmbsMS"
"18100","Columbus","NE","ColmbsNE"
"18140","Columbus","OH","ColmbsOH"
"18180","Concord","NH","ConcrdNH"
"18220","Connersville","IN","CnnrsvIN"
"18260","Cookeville","TN","CokvllTN"
"18300","Coos Bay","OR","CoosByOR"
"18340","Corbin","KY","CorbinKY"
"18380","Cordele","GA","CordelGA"
"18420","Corinth","MS","CornthMS"
"18460","Cornelia","GA","CornelGA"
"18500","Corning","NY","CornngNY"
"18580","Corpus Christi","TX","CrpsChTX"
"18620","Corsicana","TX","CorscnTX"
"18660","Cortland","NY","CrtlndNY"
"18700","Corvallis","OR","CrvllsOR"
"18740","Coshocton","OH","CshctnOH"
"18820","Crawfordsville","IN","CrwfrdIN"
"18860","Crescent City","CA","CrscnCCA"
"18900","Crossville","TN","CrssvlTN"
"18940","Crowley","LA","CrowlyLA"
"18980","Cullman","AL","CullmnAL"
"19020","Culpeper","VA","CulpprVA"
"19060","Cumberland","MD","CmbrlnMD"
"19100","Dallas","TX","DallasTX"
"19140","Dalton","GA","DaltonGA"
"19180","Danville","IL","DanvllIL"
"19220","Danville","KY","DanvllKY"
"19260","Danville","VA","DanvllVA"
"19300","Daphne","AL","DaphneAL"
"19340","Davenport","IA","DvnprtIA"
"19380","Dayton","OH","DaytonOH"
"19460","Decatur","AL","DecatrAL"
"19500","Decatur","IL","DecatrIL"
"19540","Decatur","IN","DecatrIN"
"19580","Defiance","OH","DefincOH"
"19620","Del Rio","TX","DelRioTX"
"19660","Deltona","FL","DeltonFL"
"19700","Deming","NM","DemingNM"
"19740","Denver","CO","DenverCO"
"19760","De Ridder","LA","DRiddrLA"
"19780","Des Moines","IA","DesMnsIA"
"19820","Detroit","MI","DetrotMI"
"19860","Dickinson","ND","DcknsnND"
"19900","Dillon","SC","DillonSC"
"19940","Dixon","IL","DixonIL"
"19980","Dodge City","KS","DdgCtyKS"
"20020","Dothan","AL","DothanAL"
"20060","Douglas","GA","DouglsGA"
"20100","Dover","DE","DoverDE"
"20140","Dublin","GA","DublinGA"
"20180","DuBois","PA","DuBoisPA"
"20220","Dubuque","IA","DubuquIA"
"20260","Duluth","MN","DuluthMN"
"20300","Dumas","TX","DumasTX"
"20340","Duncan","OK","DuncanOK"
"20380","Dunn","NC","DunnNC"
"20420","Durango","CO","DurangCO"
"20460","Durant","OK","DurantOK"
"20500","Durham","NC","DurhamNC"
"20540","Dyersburg","TN","DyrsbrTN"
"20580","Eagle Pass","TX","EglPssTX"
"20620","East Liverpool","OH","EstLvrOH"
"20660","Easton","MD","EastonMD"
"20700","East Stroudsburg","PA","EstStrPA"
"20740","Eau Claire","WI","EClairWI"
"20780","Edwards","CO","EdwrdsCO"
"20820","Effingham","IL","EffnghIL"
"20900","El Campo","TX","ElCampTX"
"20940","El Centro","CA","ElCntrCA"
"20980","El Dorado","AR","ElDordAR"
"21020","Elizabeth City","NC","ElzbtCNC"
"21060","Elizabethtown","KY","ElzbthKY"
"21120","Elk City","OK","ElkCtyOK"
"21140","Elkhart","IN","ElkhrtIN"
"21220","Elko","NV","ElkoNV"
"21260","Ellensburg","WA","EllnsbWA"
"21300","Elmira","NY","ElmiraNY"
"21340","El Paso","TX","ElPasoTX"
"21380","Emporia","KS","EmporiKS"
"21420","Enid","OK","EnidOK"
"21460","Enterprise","AL","EntrprAL"
"21500","Erie","PA","EriePA"
"21540","Escanaba","MI","EscanbMI"
"21580","Espanola","NM","EspanlNM"
"21640","Eufaula","AL","EufaulAL"
"21660","Eugene","OR","EugeneOR"
"21700","Eureka","CA","EurekaCA"
"21740","Evanston","WY","EvnstnWY"
"21780","Evansville","IN","EvnsvlIN"
"21820","Fairbanks","AK","FrbnksAK"
"21860","Fairmont","MN","FarmntMN"
"21900","Fairmont","WV","FarmntWV"
"21940","Fajardo","PR","FajardPR"
"21980","Fallon","NV","FallonNV"
"22020","Fargo","ND","FargoND"
"22060","Faribault","MN","FarbltMN"
"22100","Farmington","MO","FrmngtMO"
"22140","Farmington","NM","FrmngtNM"
"22180","Fayetteville","NC","FyttvlNC"
"22220","Fayetteville","AR","FyttvlAR"
"22260","Fergus Falls","MN","FrgsFlMN"
"22280","Fernley","NV","FernlyNV"
"22300","Findlay","OH","FindlyOH"
"22340","Fitzgerald","GA","FtzgrlGA"
"22380","Flagstaff","AZ","FlgstfAZ"
"22420","Flint","MI","FlintMI"
"22500","Florence","SC","FlorncSC"
"22520","Florence","AL","FlorncAL"
"22540","Fond du Lac","WI","FnddLcWI"
"22580","Forest City","NC","FrstCtNC"
"22620","Forrest City","AR","FrrstCAR"
"22660","Fort Collins","CO","FrtCllCO"
"22700","Fort Dodge","IA","FrtDdgIA"
"22780","Fort Leonard Wood","MO","FrtLnWMO"
"22800","Fort Madison","IA","FrtMdsIA"
"22820","Fort Morgan","CO","FrtMrgCO"
"22840","Fort Payne","AL","FrtPynAL"
"22860","Fort Polk South","LA","FrtPlSLA"
"22900","Fort Smith","AR","FrtSmtAR"
"22980","Fort Valley","GA","FrtVllGA"
"23020","Fort Walton Beach","FL","FrtWlBFL"
"23060","Fort Wayne","IN","FrtWynIN"
"23140","Frankfort","IN","FrnkfrIN"
"23180","Frankfort","KY","FrnkfrKY"
"23240","Fredericksburg","TX","FrdrckTX"
"23300","Freeport","IL","FreprtIL"
"23340","Fremont","NE","FremntNE"
"23380","Fremont","OH","FremntOH"
"23420","Fresno","CA","FresnoCA"
"23460","Gadsden","AL","GadsdnAL"
"23500","Gaffney","SC","GaffnySC"
"23540","Gainesville","FL","GnsvllFL"
"23580","Gainesville","GA","GnsvllGA"
"23620","Gainesville","TX","GnsvllTX"
"23660","Galesburg","IL","GlsbrgIL"
"23700","Gallup","NM","GallupNM"
"23780","Garden City","KS","GrdnCtKS"
"23820","Gardnerville Ranchos","NV","GrdnrRNV"
"23860","Georgetown","SC","GrgtwnSC"
"23900","Gettysburg","PA","GttysbPA"
"23940","Gillette","WY","GillttWY"
"23980","Glasgow","KY","GlasgwKY"
"24020","Glens Falls","NY","GlnsFlNY"
"24100","Gloversville","NY","GlvrsvNY"
"24140","Goldsboro","NC","GldsbrNC"
"24180","Granbury","TX","GrnbryTX"
"24220","Grand Forks","ND","GrndFrND"
"24260","Grand Island","NE","GrndIsNE"
"24300","Grand Junction","CO","GrndJnCO"
"24340","Grand Rapids","MI","GrndRpMI"
"24380","Grants","NM","GrantsNM"
"24420","Grants Pass","OR","GrntsPOR"
"24460","Great Bend","KS","GrtBndKS"
"24500","Great Falls","MT","GrtFllMT"
"24540","Greeley","CO","GreelyCO"
"24580","Green Bay","WI","GrenByWI"
"24620","Greeneville","TN","GreenevllTN"
"24660","Greensboro","NC","GrensbrNC"
"24700","Greensburg","IN","GrnsbrgIN"
"24740","Greenville","MS","GreenvillMS"
"24780","Greenville","NC","GreenvillNC"
"24820","Greenville","OH","GreenvillOH"
"24860","Greenville","SC","GreenvillSC"
"24900","Greenwood","MS","GrenwdMS"
"24940","Greenwood","SC","GrenwdSC"
"24980","Grenada","MS","GrenadMS"
"25020","Guayama","PR","GuayamPR"
"25060","Gulfport","MS","GlfprtMS"
"25100","Guymon","OK","GuymonOK"
"25180","Hagerstown","MD","HgrstwMD"
"25220","Hammond","LA","HammndLA"
"25260","Hanford","CA","HanfrdCA"
"25300","Hannibal","MO","HannblMO"
"25340","Harriman","TN","HarrmnTN"
"25380","Harrisburg","IL","HrrsbrIL"
"25420","Harrisburg","PA","HrrsbrPA"
"25460","Harrison","AR","HarrsnAR"
"25500","Harrisonburg","VA","HrrsnbVA"
"25540","Hartford","CT","HrtfrdCT"
"25580","Hastings","NE","HstngsNE"
"25620","Hattiesburg","MS","HttsbrMS"
"25660","Havre","MT","HavreMT"
"25700","Hays","KS","HaysKS"
"25720","Heber","UT","HeberUT"
"25740","Helena","MT","HelenaMT"
"25760","Helena","AR","HelenaAR"
"25780","Henderson","NC","HndrsnNC"
"25820","Hereford","TX","HerfrdTX"
"25860","Hickory","NC","HickryNC"
"25900","Hilo","HI","HiloHI"
"25940","Hilton Head Island","SC","HltnHISC"
"25980","Hinesville","GA","HnsvllGA"
"26020","Hobbs","NM","HobbsNM"
"26100","Holland","MI","HollndMI"
"26140","Homosassa Springs","FL","HmsssSFL"
"26180","Honolulu","HI","HonollHI"
"26220","Hood River","OR","HodRvrOR"
"26260","Hope","AR","HopeAR"
"26300","Hot Springs","AR","HtSprnAR"
"26340","Houghton","MI","HoghtnMI"
"26380","Houma","LA","HoumaLA"
"26420","Houston","TX","HoustnTX"
"26460","Hudson","NY","HudsonNY"
"26480","Humboldt","TN","HmbldtTN"
"26500","Huntingdon","PA","HntngdPA"
"26540","Huntington","IN","HntngtIN"
"26580","Huntington","WV","HntngtWV"
"26620","Huntsville","AL","HntsvlAL"
"26660","Huntsville","TX","HntsvlTX"
"26700","Huron","SD","HuronSD"
"26740","Hutchinson","KS","HtchnsKS"
"26780","Hutchinson","MN","HtchnsMN"
"26820","Idaho Falls","ID","IdhFllID"
"26860","Indiana","PA","IndianPA"
"26900","Indianapolis","IN","IndnplIN"
"26940","Indianola","MS","IndinlMS"
"26980","Iowa City","IA","IowCtyIA"
"27020","Iron Mountain","MI","IrnMntMI"
"27060","Ithaca","NY","IthacaNY"
"27100","Jackson","MI","JacksnMI"
"27140","Jackson","MS","JacksnMS"
"27180","Jackson","TN","JacksnTN"
"27220","Jackson","WY","JacksnWY"
"27260","Jacksonville","FL","JcksnvFL"
"27300","Jacksonville","IL","JcksnvIL"
"27340","Jacksonville","NC","JcksnvNC"
"27380","Jacksonville","TX","JcksnvTX"
"27420","Jamestown","ND","JmstwnND"
"27460","Jamestown","NY","JmstwnNY"
"27500","Janesville","WI","JnsvllWI"
"27540","Jasper","IN","JasperIN"
"27580","Jayuya","PR","JayuyaPR"
"27620","Jefferson City","MO","JffrsCMO"
"27660","Jennings","LA","JnnngsLA"
"27700","Jesup","GA","JesupGA"
"27740","Johnson City","TN","JhnsnCTN"
"27780","Johnstown","PA","JhnstwPA"
"27860","Jonesboro","AR","JonsbrAR"
"27900","Joplin","MO","JoplinMO"
"27940","Juneau","AK","JuneauAK"
"27980","Kahului","HI","KahuluHI"
"28020","Kalamazoo","MI","KalamzMI"
"28060","Kalispell","MT","KlspllMT"
"28100","Kankakee","IL","KankakIL"
"28140","Kansas City","MO","KnssCtMO"
"28180","Kapaa","HI","KapaaHI"
"28260","Kearney","NE","KearnyNE"
"28300","Keene","NH","KeeneNH"
"28340","Kendallville","IN","KndllvIN"
"28380","Kennett","MO","KennttMO"
"28420","Kennewick","WA","KnnwckWA"
"28500","Kerrville","TX","KrrvllTX"
"28540","Ketchikan","AK","KtchknAK"
"28580","Key West","FL","KeyWstFL"
"28620","Kill Devil Hills","NC","KllDvHNC"
"28660","Killeen","TX","KillenTX"
"28700","Kingsport","TN","KngsprTN"
"28740","Kingston","NY","KngstnNY"
"28780","Kingsville","TX","KngsvlTX"
"28820","Kinston","NC","KinstnNC"
"28860","Kirksville","MO","KrksvlMO"
"28900","Klamath Falls","OR","KlmthFOR"
"28940","Knoxville","TN","KnxvllTN"
"28980","Kodiak","AK","KodiakAK"
"29020","Kokomo","IN","KokomoIN"
"29060","Laconia","NH","LaconiNH"
"29100","La Crosse","WI","LCrossWI"
"29140","Lafayette","IN","LafyttIN"
"29180","Lafayette","LA","LafyttLA"
"29220","La Follette","TN","LFllttTN"
"29260","La Grande","OR","LGrandOR"
"29300","LaGrange","GA","LaGrngGA"
"29340","Lake Charles","LA","LkChrlLA"
"29380","Lake City","FL","LakCtyFL"
"29420","Lake Havasu City","AZ","LkHvsCAZ"
"29460","Lakeland","FL","LaklndFL"
"29500","Lamesa","TX","LamesaTX"
"29540","Lancaster","PA","LncstrPA"
"29580","Lancaster","SC","LncstrSC"
"29620","Lansing","MI","LansngMI"
"29660","Laramie","WY","LaramiWY"
"29700","Laredo","TX","LaredoTX"
"29740","Las Cruces","NM","LsCrcsNM"
"29780","Las Vegas","NM","LasVgsNM"
"29820","Las Vegas","NV","LasVgsNV"
"29860","Laurel","MS","LaurelMS"
"29900","Laurinburg","NC","LrnbrgNC"
"29940","Lawrence","KS","LawrncKS"
"29980","Lawrenceburg","TN","LwrncbTN"
"30020","Lawton","OK","LawtonOK"
"30060","Lebanon","MO","LebannMO"
"30100","Lebanon","NH","LebannNH"
"30140","Lebanon","PA","LebannPA"
"30220","Levelland","TX","LvllndTX"
"30260","Lewisburg","PA","LwsbrgPA"
"30280","Lewisburg","TN","LwsbrgTN"
"30300","Lewiston","ID","LewstnID"
"30340","Lewiston","ME","LewstnME"
"30380","Lewistown","PA","LwstwnPA"
"30420","Lexington","NE","LxngtnNE"
"30460","Lexington","KY","LxngtnKY"
"30500","Lexington Park","MD","LxngtPMD"
"30580","Liberal","KS","LiberlKS"
"30620","Lima","OH","LimaOH"
"30660","Lincoln","IL","LinclnIL"
"30700","Lincoln","NE","LinclnNE"
"30740","Lincolnton","NC","LnclntNC"
"30780","Little Rock","AR","LttlRcAR"
"30820","Lock Haven","PA","LckHvnPA"
"30860","Logan","UT","LoganUT"
"30900","Logansport","IN","LgnsprIN"
"30940","London","KY","LondonKY"
"30980","Longview","TX","LongvwTX"
"31020","Longview","WA","LongvwWA"
"31060","Los Alamos","NM","LsAlmsNM"
"31100","Los Angeles","CA","LsAnglCA"
"31140","Louisville/Jefferson County","KY","Lsv/JCKY"
"31180","Lubbock","TX","LubbckTX"
"31260","Lufkin","TX","LufkinTX"
"31300","Lumberton","NC","LmbrtnNC"
"31340","Lynchburg","VA","LynchbVA"
"31380","Macomb","IL","MacombIL"
"31420","Macon","GA","MaconGA"
"31460","Madera","CA","MaderaCA"
"31500","Madison","IN","MadisnIN"
"31540","Madison","WI","MadisnWI"
"31580","Madisonville","KY","MdsnvlKY"
"31620","Magnolia","AR","MagnolAR"
"31660","Malone","NY","MaloneNY"
"31700","Manchester","NH","MnchstNH"
"31740","Manhattan","KS","MnhttnKS"
"31820","Manitowoc","WI","MantwcWI"
"31860","Mankato","MN","MankatMN"
"31900","Mansfield","OH","MnsfldOH"
"31940","Marinette","WI","MarnttWI"
"31980","Marion","IN","MarionIN"
"32020","Marion","OH","MarionOH"
"32060","Marion","IL","MarionIL"
"32100","Marquette","MI","MarqttMI"
"32140","Marshall","MN","MarshllMN"
"32180","Marshall","MO","MarshllMO"
"32220","Marshall","TX","MarshllTX"
"32260","Marshalltown","IA","MrshlltIA"
"32270","Marshfield","WI","MrshflWI"
"32280","Martin","TN","MartinTN"
"32300","Martinsville","VA","MrtnsvVA"
"32340","Maryville","MO","MryvllMO"
"32380","Mason City","IA","MsnCtyIA"
"32460","Mayfield","KY","MayfldKY"
"32500","Maysville","KY","MysvllKY"
"32540","McAlester","OK","McAlstOK"
"32580","McAllen","TX","McAllnTX"
"32620","McComb","MS","McCombMS"
"32660","McMinnville","TN","McMnnvTN"
"32700","McPherson","KS","McPhrsKS"
"32740","Meadville","PA","MedvllPA"
"32780","Medford","OR","MedfrdOR"
"32820","Memphis","TN","MemphsTN"
"32860","Menomonie","WI","MenomnWI"
"32900","Merced","CA","MercedCA"
"32940","Meridian","MS","MeridnMS"
"32980","Merrill","WI","MerrllWI"
"33020","Mexico","MO","MexicoMO"
"33060","Miami","OK","MiamiOK"
"33100","Miami","FL","MiamiFL"
"33140","Michigan City","IN","MchgnCIN"
"33180","Middlesborough","KY","MddlsbKY"
"33220","Midland","MI","MidlndMI"
"33260","Midland","TX","MidlndTX"
"33300","Milledgeville","GA","MlldgvGA"
"33340","Milwaukee","WI","MilwakWI"
"33380","Minden","LA","MindenLA"
"33420","Mineral Wells","TX","MnrlWlTX"
"33460","Minneapolis","MN","MnnplsMN"
"33500","Minot","ND","MinotND"
"33540","Missoula","MT","MissolMT"
"33580","Mitchell","SD","MtchllSD"
"33620","Moberly","MO","MobrlyMO"
"33660","Mobile","AL","MobileAL"
"33700","Modesto","CA","ModestCA"
"33740","Monroe","LA","MonroeLA"
"33780","Monroe","MI","MonroeMI"
"33820","Monroe","WI","MonroeWI"
"33860","Montgomery","AL","MntgmrAL"
"33940","Montrose","CO","MontrsCO"
"33980","Morehead City","NC","MrhdCtNC"
"34020","Morgan City","LA","MrgnCtLA"
"34060","Morgantown","WV","MrgntwWV"
"34100","Morristown","TN","MrrstwTN"
"34140","Moscow","ID","MoscowID"
"34180","Moses Lake","WA","MossLkWA"
"34220","Moultrie","GA","MoultrGA"
"34260","Mountain Home","AR","MntnHmAR"
"34300","Mountain Home","ID","MntnHmID"
"34340","Mount Airy","NC","MntAryNC"
"34380","Mount Pleasant","MI","MntPlsMI"
"34420","Mount Pleasant","TX","MntPlsTX"
"34460","Mount Sterling","KY","MntStrKY"
"34500","Mount Vernon","IL","MntVrnIL"
"34540","Mount Vernon","OH","MntVrnOH"
"34580","Mount Vernon","WA","MntVrnWA"
"34620","Muncie","IN","MuncieIN"
"34660","Murray","KY","MurrayKY"
"34700","Muscatine","IA","MusctnIA"
"34740","Muskegon","MI","MuskgnMI"
"34780","Muskogee","OK","MuskogOK"
"34820","Myrtle Beach","SC","MyrtlBSC"
"34860","Nacogdoches","TX","NcgdchTX"
"34900","Napa","CA","NapaCA"
"34940","Naples","FL","NaplesFL"
"34980","Nashville","TN","NshvllTN"
"35020","Natchez","MS","NatchzMS"
"35060","Natchitoches","LA","NtchtcLA"
"35100","New Bern","NC","NewBrnNC"
"35140","Newberry","SC","NwbrrySC"
"35220","New Castle","IN","NwCstlIN"
"35260","New Castle","PA","NwCstlPA"
"35300","New Haven","CT","NewHvnCT"
"35340","New Iberia","LA","NewIbrLA"
"35380","New Orleans","LA","NwOrlnLA"
"35420","New Philadelphia","OH","NwPhldOH"
"35460","Newport","TN","NewprtTN"
"35500","Newton","IA","NewtonIA"
"35580","New Ulm","MN","NewUlmMN"
"35620","New York","NY","NewYrkNY"
"35660","Niles","MI","NilesMI"
"35700","Nogales","AZ","NogalsAZ"
"35740","Norfolk","NE","NorflkNE"
"35820","North Platte","NE","NrthPlNE"
"35860","North Vernon","IN","NrthVrIN"
"35900","North Wilkesboro","NC","NrthWlNC"
"35940","Norwalk","OH","NorwlkOH"
"35980","Norwich","CT","NorwchCT"
"36020","Oak Harbor","WA","OkHrbrWA"
"36060","Oak Hill","WV","OakHllWV"
"36100","Ocala","FL","OcalaFL"
"36140","Ocean City","NJ","OcnCtyNJ"
"36180","Ocean Pines","MD","OcnPnsMD"
"36220","Odessa","TX","OdessaTX"
"36260","Ogden","UT","OgdenUT"
"36300","Ogdensburg","NY","OgdnsbNY"
"36340","Oil City","PA","OilCtyPA"
"36380","Okeechobee","FL","OkechbFL"
"36420","Oklahoma City","OK","OklhmCOK"
"36460","Olean","NY","OleanNY"
"36500","Olympia","WA","OlympiWA"
"36540","Omaha","NE","OmahaNE"
"36580","Oneonta","NY","OneontNY"
"36620","Ontario","OR","OntariOR"
"36660","Opelousas","LA","OpelssLA"
"36700","Orangeburg","SC","OrngbrSC"
"36740","Orlando","FL","OrlandFL"
"36780","Oshkosh","WI","OshkshWI"
"36820","Oskaloosa","IA","OskalsIA"
"36860","Ottawa","IL","OttawaIL"
"36900","Ottumwa","IA","OttumwIA"
"36940","Owatonna","MN","OwatnnMN"
"36980","Owensboro","KY","OwnsbrKY"
"37020","Owosso","MI","OwossoMI"
"37060","Oxford","MS","OxfordMS"
"37100","Oxnard","CA","OxnardCA"
"37140","Paducah","KY","PaduchKY"
"37220","Pahrump","NV","PahrmpNV"
"37260","Palatka","FL","PalatkFL"
"37300","Palestine","TX","PalstnTX"
"37340","Palm Bay","FL","PalmByFL"
"37380","Palm Coast","FL","PlmCstFL"
"37420","Pampa","TX","PampaTX"
"37460","Panama City","FL","PnmCtyFL"
"37500","Paragould","AR","PargldAR"
"37540","Paris","TN","ParisTN"
"37580","Paris","TX","ParisTX"
"37620","Parkersburg","WV","PrkrsbWV"
"37660","Parsons","KS","ParsnsKS"
"37700","Pascagoula","MS","PascglMS"
"37740","Payson","AZ","PaysonAZ"
"37780","Pecos","TX","PecosTX"
"37800","Pella","IA","PellaIA"
"37820","Pendleton","OR","PndltnOR"
"37860","Pensacola","FL","PensclFL"
"37900","Peoria","IL","PeoriaIL"
"37940","Peru","IN","PeruIN"
"37980","Philadelphia","PA","PhldlpPA"
"38020","Phoenix Lake","CA","PhnxLkCA"
"38060","Phoenix","AZ","PhoenxAZ"
"38100","Picayune","MS","PicaynMS"
"38180","Pierre","SD","PierreSD"
"38200","Pierre Part","LA","PrrPrtLA"
"38220","Pine Bluff","AR","PnBlffAR"
"38260","Pittsburg","KS","PittsbrgKS"
"38300","Pittsburgh","PA","PttsbrghPA"
"38340","Pittsfield","MA","PttsflMA"
"38380","Plainview","TX","PlanvwTX"
"38420","Platteville","WI","PlttvlWI"
"38460","Plattsburgh","NY","PlttsbNY"
"38500","Plymouth","IN","PlymthIN"
"38540","Pocatello","ID","PoctllID"
"38580","Point Pleasant","WV","PntPlsWV"
"38620","Ponca City","OK","PncCtyOK"
"38660","Ponce","PR","PoncePR"
"38700","Pontiac","IL","PonticIL"
"38740","Poplar Bluff","MO","PplrBlMO"
"38780","Portales","NM","PortlsNM"
"38820","Port Angeles","WA","PrtAngWA"
"38860","Portland","ME","PrtlndME"
"38900","Portland","OR","PrtlndOR"
"38940","Port St. Lucie","FL","PrSt.LFL"
"39020","Portsmouth","OH","PrtsmtOH"
"39060","Pottsville","PA","PttsvlPA"
"39100","Poughkeepsie","NY","PghkpsNY"
"39140","Prescott","AZ","PrscttAZ"
"39220","Price","UT","PriceUT"
"39260","Prineville","OR","PrnvllOR"
"39300","Providence","RI","PrvdncRI"
"39340","Provo","UT","ProvoUT"
"39380","Pueblo","CO","PuebloCO"
"39420","Pullman","WA","PullmnWA"
"39460","Punta Gorda","FL","PntGrdFL"
"39500","Quincy","IL","QuincyIL"
"39540","Racine","WI","RacineWI"
"39580","Raleigh","NC","RaleghNC"
"39660","Rapid City","SD","RpdCtySD"
"39700","Raymondville","TX","RymndvTX"
"39740","Reading","PA","ReadngPA"
"39780","Red Bluff","CA","RdBlffCA"
"39820","Redding","CA","ReddngCA"
"39860","Red Wing","MN","RedWngMN"
"39900","Reno","NV","RenoNV"
"39940","Rexburg","ID","RexbrgID"
"39980","Richmond","IN","RchmndIN"
"40060","Richmond","VA","RchmndVA"
"40080","Richmond","KY","RchmndKY"
"40100","Rio Grande City","TX","RGrndCTX"
"40140","Riverside","CA","RivrsdCA"
"40180","Riverton","WY","RivrtnWY"
"40220","Roanoke","VA","RoanokVA"
"40260","Roanoke Rapids","NC","RnkRpdNC"
"40300","Rochelle","IL","RochllIL"
"40340","Rochester","MN","RchstrMN"
"40380","Rochester","NY","RchstrNY"
"40420","Rockford","IL","RckfrdIL"
"40460","Rockingham","NC","RcknghNC"
"40500","Rockland","ME","RcklndME"
"40540","Rock Springs","WY","RckSprWY"
"40580","Rocky Mount","NC","RckyMnNC"
"40620","Rolla","MO","RollaMO"
"40660","Rome","GA","RomeGA"
"40700","Roseburg","OR","RosbrgOR"
"40740","Roswell","NM","RoswllNM"
"40760","Ruidoso","NM","RuidosNM"
"40780","Russellville","AR","RssllvAR"
"40820","Ruston","LA","RustonLA"
"40860","Rutland","VT","RutlndVT"
"40900","Sacramento","CA","ScrmntCA"
"40940","Safford","AZ","SaffrdAZ"
"40980","Saginaw","MI","SaginwMI"
"41060","St. Cloud","MN","St.CldMN"
"41100","St. George","UT","St.GrgUT"
"41140","St. Joseph","MO","St.JspMO"
"41180","St. Louis","MO","St.LosMO"
"41220","St. Marys","GA","St.MryGA"
"41260","St. Marys","PA","St.MryPA"
"41420","Salem","OR","SalemOR"
"41460","Salina","KS","SalinaKS"
"41500","Salinas","CA","SalinsCA"
"41540","Salisbury","MD","SlsbryMD"
"41580","Salisbury","NC","SlsbryNC"
"41620","Salt Lake City","UT","SltLkCUT"
"41660","San Angelo","TX","SnAnglTX"
"41700","San Antonio","TX","SnAntnTX"
"41740","San Diego","CA","SanDigCA"
"41780","Sandusky","OH","SndskyOH"
"41820","Sanford","NC","SanfrdNC"
"41860","San Francisco","CA","SnFrncCA"
"41940","San Jose","CA","SanJosCA"
"41980","San Juan","PR","SanJunPR"
"42020","San Luis Obispo","CA","SnLsObCA"
"42060","Santa Barbara","CA","SntBrbCA"
"42100","Santa Cruz","CA","SntCrzCA"
"42140","Santa Fe","NM","SantaFNM"
"42180","Santa Isabel","PR","SntIsbPR"
"42220","Santa Rosa","CA","SantRsCA"
"42300","Sault Ste. Marie","MI","SlSt.MMI"
"42340","Savannah","GA","SavnnhGA"
"42380","Sayre","PA","SayrePA"
"42420","Scottsbluff","NE","ScttsblNE"
"42460","Scottsboro","AL","ScottsbrAL"
"42500","Scottsburg","IN","ScttsbrgIN"
"42540","Scranton","PA","ScrntnPA"
"42580","Seaford","DE","SeafrdDE"
"42620","Searcy","AR","SearcyAR"
"42660","Seattle","WA","SeattlWA"
"42680","Sebastian","FL","SebstnFL"
"42700","Sebring","FL","SebrngFL"
"42740","Sedalia","MO","SedaliMO"
"42780","Selinsgrove","PA","SlnsgrPA"
"42820","Selma","AL","SelmaAL"
"42860","Seneca","SC","SenecaSC"
"42900","Seneca Falls","NY","SncFllNY"
"42940","Sevierville","TN","SvrvllTN"
"42980","Seymour","IN","SeymorIN"
"43060","Shawnee","OK","ShawneOK"
"43100","Sheboygan","WI","ShbygnWI"
"43140","Shelby","NC","ShelbyNC"
"43180","Shelbyville","TN","ShlbyvTN"
"43220","Shelton","WA","SheltnWA"
"43260","Sheridan","WY","SherdnWY"
"43300","Sherman","TX","ShermnTX"
"43320","Show Low","AZ","ShowLwAZ"
"43340","Shreveport","LA","ShrvprLA"
"43380","Sidney","OH","SidneyOH"
"43420","Sierra Vista","AZ","SrrVstAZ"
"43460","Sikeston","MO","SikstnMO"
"43500","Silver City","NM","SlvrCtNM"
"43540","Silverthorne","CO","SlvrthCO"
"43580","Sioux City","IA","SixCtyIA"
"43620","Sioux Falls","SD","SxFllsSD"
"43660","Snyder","TX","SnyderTX"
"43700","Somerset","KY","SomrstKY"
"43740","Somerset","PA","SomrstPA"
"43780","South Bend","IN","SthBndIN"
"43860","Southern Pines","NC","SthrnPNC"
"43900","Spartanburg","SC","SprtnbSC"
"43940","Spearfish","SD","SprfshSD"
"43980","Spencer","IA","SpencrIA"
"44020","Spirit Lake","IA","SprtLkIA"
"44060","Spokane","WA","SpokanWA"
"44100","Springfield","IL","SprngfIL"
"44140","Springfield","MA","SprngfMA"
"44180","Springfield","MO","SprngfMO"
"44220","Springfield","OH","SprngfOH"
"44260","Starkville","MS","StrkvlMS"
"44300","State College","PA","SttCllPA"
"44340","Statesboro","GA","SttsbrGA"
"44380","Statesville","NC","SttsvlNC"
"44420","Staunton","VA","StantnVA"
"44500","Stephenville","TX","StphnvTX"
"44540","Sterling","CO","StrlngCO"
"44580","Sterling","IL","StrlngIL"
"44620","Stevens Point","WI","StvnsPWI"
"44660","Stillwater","OK","StllwtOK"
"44700","Stockton","CA","StcktnCA"
"44740","Storm Lake","IA","StrmLkIA"
"44780","Sturgis","MI","SturgsMI"
"44860","Sulphur Springs","TX","SlphrSTX"
"44900","Summerville","GA","SmmrvlGA"
"44940","Sumter","SC","SumterSC"
"44980","Sunbury","PA","SunbryPA"
"45000","Susanville","CA","SsnvllCA"
"45020","Sweetwater","TX","SwtwtrTX"
"45060","Syracuse","NY","SyracsNY"
"45140","Tahlequah","OK","TahlqhOK"
"45180","Talladega","AL","TalldgAL"
"45220","Tallahassee","FL","TllhssFL"
"45260","Tallulah","LA","TalllhLA"
"45300","Tampa","FL","TampaFL"
"45340","Taos","NM","TaosNM"
"45380","Taylorville","IL","TylrvlIL"
"45460","Terre Haute","IN","TerrHtIN"
"45500","Texarkana TX","AR","TxrkTXAR"
"45520","The Dalles","OR","ThDllsOR"
"45540","The Villages","FL","ThVllgFL"
"45580","Thomaston","GA","ThmstnGA"
"45620","Thomasville","GA","ThmsvlGA"
"45640","Thomasville","NC","ThmsvlNC"
"45660","Tiffin","OH","TiffinOH"
"45700","Tifton","GA","TiftonGA"
"45740","Toccoa","GA","ToccoaGA"
"45780","Toledo","OH","ToledoOH"
"45820","Topeka","KS","TopekaKS"
"45860","Torrington","CT","TrrngtCT"
"45900","Traverse City","MI","TrvrsCMI"
"45940","Trenton","NJ","TrentnNJ"
"45980","Troy","AL","TroyAL"
"46020","Truckee","CA","TruckeCA"
"46060","Tucson","AZ","TucsonAZ"
"46100","Tullahoma","TN","TullhmTN"
"46140","Tulsa","OK","TulsaOK"
"46180","Tupelo","MS","TupeloMS"
"46220","Tuscaloosa","AL","TusclsAL"
"46260","Tuskegee","AL","TuskegAL"
"46300","Twin Falls","ID","TwnFllID"
"46340","Tyler","TX","TylerTX"
"46380","Ukiah","CA","UkiahCA"
"46420","Union","SC","UnionSC"
"46460","Union City","TN","UnnCtyTN"
"46500","Urbana","OH","UrbanaOH"
"46540","Utica","NY","UticaNY"
"46580","Utuado","PR","UtuadoPR"
"46620","Uvalde","TX","UvaldeTX"
"46660","Valdosta","GA","ValdstGA"
"46700","Vallejo","CA","VallejCA"
"46740","Valley","AL","ValleyAL"
"46780","Van Wert","OH","VanWrtOH"
"46820","Vermillion","SD","VrmllnSD"
"46860","Vernal","UT","VernalUT"
"46900","Vernon","TX","VernonTX"
"46980","Vicksburg","MS","VcksbrMS"
"47020","Victoria","TX","VictorTX"
"47080","Vidalia","GA","VidaliGA"
"47180","Vincennes","IN","VncnnsIN"
"47220","Vineland","NJ","VinlndNJ"
"47260","Virginia Beach","VA","VrgnBcVA"
"47300","Visalia","CA","VisaliCA"
"47340","Wabash","IN","WabashIN"
"47380","Waco","TX","WacoTX"
"47420","Wahpeton","ND","WahptnND"
"47460","Walla Walla","WA","WllWllWA"
"47500","Walterboro","SC","WltrbrSC"
"47540","Wapakoneta","OH","WapkntOH"
"47580","Warner Robins","GA","WrnrRbGA"
"47620","Warren","PA","WarrenPA"
"47660","Warrensburg","MO","WrrnsbMO"
"47700","Warsaw","IN","WarsawIN"
"47780","Washington","IN","WshngtIN"
"47820","Washington","NC","WshngtNC"
"47900","Washington","DC","WshngtDC"
"47920","Washington Court House","OH","WshnCHOH"
"47940","Waterloo","IA","WaterlIA"
"47980","Watertown","SD","WtrtwnSD"
"48020","Watertown","WI","WtrtwnWI"
"48060","Watertown","NY","WtrtwnNY"
"48100","Wauchula","FL","WauchlFL"
"48140","Wausau","WI","WausauWI"
"48180","Waycross","GA","WycrssGA"
"48260","Weirton","WV","WeirtnWV"
"48300","Wenatchee","WA","WentchWA"
"48460","West Plains","MO","WstPlnMO"
"48500","West Point","MS","WstPntMS"
"48540","Wheeling","WV","WhelngWV"
"48580","Whitewater","WI","WhtwtrWI"
"48620","Wichita","KS","WichitKS"
"48660","Wichita Falls","TX","WchtFlTX"
"48700","Williamsport","PA","WllmspPA"
"48740","Willimantic","CT","WllmntCT"
"48780","Williston","ND","WllstnND"
"48820","Willmar","MN","WillmrMN"
"48900","Wilmington","NC","WlmngtNC"
"48940","Wilmington","OH","WlmngtOH"
"48980","Wilson","NC","WilsonNC"
"49020","Winchester","VA","WnchstVA"
"49060","Winfield","KS","WinfldKS"
"49100","Winona","MN","WinonaMN"
"49180","Winston","NC","WinstnNC"
"49260","Woodward","OK","WodwrdOK"
"49300","Wooster","OH","WoostrOH"
"49340","Worcester","MA","WrcstrMA"
"49380","Worthington","MN","WrthngMN"
"49420","Yakima","WA","YakimaWA"
"49460","Yankton","SD","YanktnSD"
"49500","Yauco","PR","YaucoPR"
"49540","Yazoo City","MS","YazCtyMS"
"49620","York","PA","YorkPA"
"49660","Youngstown","OH","YngstwOH"
"49700","Yuba City","CA","YubCtyCA"
"49740","Yuma","AZ","YumaAZ"
"49780","Zanesville","OH","ZnsvllOH"
