"cbsa","cbsaname","pop2k","afact"
"cbsa","CBSA Name","Total Pop, 2000 census","cbsa to cbsa alloc factor"
" "," ",19190644,1 
"10020","Abbeville, LA Micropolitan Statistical Area",53807,1 
"10100","Aberdeen, SD Micropolitan Statistical Area",39827,1 
"10140","Aberdeen, WA Micropolitan Statistical Area",67194,1 
"10180","Abilene, TX Metropolitan Statistical Area",160245,1 
"10220","Ada, OK Micropolitan Statistical Area",35143,1 
"10300","Adrian, MI Micropolitan Statistical Area",98890,1 
"10420","Akron, OH Metropolitan Statistical Area",694960,1 
"10460","Alamogordo, NM Micropolitan Statistical Area",62298,1 
"10500","Albany, GA Metropolitan Statistical Area",157833,1 
"10540","Albany-Lebanon, OR Micropolitan Statistical Area",103069,1 
"10580","Albany-Schenectady-Troy, NY Metropolitan Statistical Area",825875,1 
"10620","Albemarle, NC Micropolitan Statistical Area",58100,1 
"10660","Albert Lea, MN Micropolitan Statistical Area",32584,1 
"10700","Albertville, AL Micropolitan Statistical Area",82231,1 
"10740","Albuquerque, NM Metropolitan Statistical Area",729649,1 
"10760","Alexander City, AL Micropolitan Statistical Area",53677,1 
"10780","Alexandria, LA Metropolitan Statistical Area",145035,1 
"10820","Alexandria, MN Micropolitan Statistical Area",32821,1 
"10860","Alice, TX Micropolitan Statistical Area",39326,1 
"10880","Allegan, MI Micropolitan Statistical Area",105665,1 
"10900","Allentown-Bethlehem-Easton, PA-NJ Metropolitan Statistical Area",740395,1 
"10940","Alma, MI Micropolitan Statistical Area",42285,1 
"10980","Alpena, MI Micropolitan Statistical Area",31314,1 
"11020","Altoona, PA Metropolitan Statistical Area",129144,1 
"11060","Altus, OK Micropolitan Statistical Area",28439,1 
"11100","Amarillo, TX Metropolitan Statistical Area",226522,1 
"11140","Americus, GA Micropolitan Statistical Area",36966,1 
"11180","Ames, IA Metropolitan Statistical Area",79981,1 
"11220","Amsterdam, NY Micropolitan Statistical Area",49708,1 
"11260","Anchorage, AK Metropolitan Statistical Area",319605,1 
"11300","Anderson, IN Metropolitan Statistical Area",133358,1 
"11340","Anderson, SC Metropolitan Statistical Area",165740,1 
"11380","Andrews, TX Micropolitan Statistical Area",13004,1 
"11420","Angola, IN Micropolitan Statistical Area",33214,1 
"11460","Ann Arbor, MI Metropolitan Statistical Area",322895,1 
"11500","Anniston-Oxford, AL Metropolitan Statistical Area",112249,1 
"11540","Appleton, WI Metropolitan Statistical Area",201602,1 
"11580","Arcadia, FL Micropolitan Statistical Area",32209,1 
"11620","Ardmore, OK Micropolitan Statistical Area",54452,1 
"11660","Arkadelphia, AR Micropolitan Statistical Area",23546,1 
"11700","Asheville, NC Metropolitan Statistical Area",369171,1 
"11740","Ashland, OH Micropolitan Statistical Area",52523,1 
"11780","Ashtabula, OH Micropolitan Statistical Area",102728,1 
"11820","Astoria, OR Micropolitan Statistical Area",35630,1 
"11860","Atchison, KS Micropolitan Statistical Area",16774,1 
"11900","Athens, OH Micropolitan Statistical Area",62223,1 
"11940","Athens, TN Micropolitan Statistical Area",49015,1 
"11980","Athens, TX Micropolitan Statistical Area",73277,1 
"12020","Athens-Clarke County, GA Metropolitan Statistical Area",166079,1 
"12060","Atlanta-Sandy Springs-Marietta, GA Metropolitan Statistical Area",4247981,1 
"12100","Atlantic City-Hammonton, NJ Metropolitan Statistical Area",252552,1 
"12140","Auburn, IN Micropolitan Statistical Area",40285,1 
"12180","Auburn, NY Micropolitan Statistical Area",81963,1 
"12220","Auburn-Opelika, AL Metropolitan Statistical Area",115092,1 
"12260","Augusta-Richmond County, GA-SC Metropolitan Statistical Area",499684,1 
"12300","Augusta-Waterville, ME Micropolitan Statistical Area",117114,1 
"12380","Austin, MN Micropolitan Statistical Area",38603,1 
"12420","Austin-Round Rock, TX Metropolitan Statistical Area",1249763,1 
"12460","Bainbridge, GA Micropolitan Statistical Area",28240,1 
"12540","Bakersfield, CA Metropolitan Statistical Area",661645,1 
"12580","Baltimore-Towson, MD Metropolitan Statistical Area",2552994,1 
"12620","Bangor, ME Metropolitan Statistical Area",144919,1 
"12660","Baraboo, WI Micropolitan Statistical Area",55225,1 
"12700","Barnstable Town, MA Metropolitan Statistical Area",222230,1 
"12740","Barre, VT Micropolitan Statistical Area",58039,1 
"12780","Bartlesville, OK Micropolitan Statistical Area",48996,1 
"12820","Bastrop, LA Micropolitan Statistical Area",31021,1 
"12860","Batavia, NY Micropolitan Statistical Area",60370,1 
"12900","Batesville, AR Micropolitan Statistical Area",34233,1 
"12940","Baton Rouge, LA Metropolitan Statistical Area",705973,1 
"12980","Battle Creek, MI Metropolitan Statistical Area",137985,1 
"13020","Bay City, MI Metropolitan Statistical Area",110157,1 
"13060","Bay City, TX Micropolitan Statistical Area",37957,1 
"13100","Beatrice, NE Micropolitan Statistical Area",22993,1 
"13140","Beaumont-Port Arthur, TX Metropolitan Statistical Area",385090,1 
"13180","Beaver Dam, WI Micropolitan Statistical Area",85897,1 
"13220","Beckley, WV Micropolitan Statistical Area",79220,1 
"13260","Bedford, IN Micropolitan Statistical Area",45922,1 
"13300","Beeville, TX Micropolitan Statistical Area",32359,1 
"13340","Bellefontaine, OH Micropolitan Statistical Area",46005,1 
"13380","Bellingham, WA Metropolitan Statistical Area",166814,1 
"13420","Bemidji, MN Micropolitan Statistical Area",39650,1 
"13460","Bend, OR Metropolitan Statistical Area",115367,1 
"13500","Bennettsville, SC Micropolitan Statistical Area",28818,1 
"13540","Bennington, VT Micropolitan Statistical Area",36994,1 
"13620","Berlin, NH-VT Micropolitan Statistical Area",39570,1 
"13660","Big Rapids, MI Micropolitan Statistical Area",40553,1 
"13700","Big Spring, TX Micropolitan Statistical Area",33627,1 
"13740","Billings, MT Metropolitan Statistical Area",138904,1 
"13780","Binghamton, NY Metropolitan Statistical Area",252320,1 
"13820","Birmingham-Hoover, AL Metropolitan Statistical Area",1052238,1 
"13860","Bishop, CA Micropolitan Statistical Area",17945,1 
"13900","Bismarck, ND Metropolitan Statistical Area",94719,1 
"13940","Blackfoot, ID Micropolitan Statistical Area",41735,1 
"13980","Blacksburg-Christiansburg-Radford, VA Metropolitan Statistical Area",151272,1 
"14020","Bloomington, IN Metropolitan Statistical Area",175506,1 
"14060","Bloomington-Normal, IL Metropolitan Statistical Area",150433,1 
"14100","Bloomsburg-Berwick, PA Micropolitan Statistical Area",82387,1 
"14140","Bluefield, WV-VA Micropolitan Statistical Area",107578,1 
"14180","Blytheville, AR Micropolitan Statistical Area",51979,1 
"14220","Bogalusa, LA Micropolitan Statistical Area",43926,1 
"14260","Boise City-Nampa, ID Metropolitan Statistical Area",464840,1 
"14300","Bonham, TX Micropolitan Statistical Area",31242,1 
"14340","Boone, IA Micropolitan Statistical Area",26224,1 
"14380","Boone, NC Micropolitan Statistical Area",42695,1 
"14420","Borger, TX Micropolitan Statistical Area",23857,1 
"14460","Boston-Cambridge-Quincy, MA-NH Metropolitan Statistical Area",4391344,1 
"14500","Boulder, CO Metropolitan Statistical Area",269814,1 
"14540","Bowling Green, KY Metropolitan Statistical Area",104166,1 
"14580","Bozeman, MT Micropolitan Statistical Area",67831,1 
"14600","Bradenton-Sarasota-Venice, FL Metropolitan Statistical Area",589959,1 
"14620","Bradford, PA Micropolitan Statistical Area",45936,1 
"14660","Brainerd, MN Micropolitan Statistical Area",82249,1 
"14700","Branson, MO Micropolitan Statistical Area",68361,1 
"14740","Bremerton-Silverdale, WA Metropolitan Statistical Area",231969,1 
"14780","Brenham, TX Micropolitan Statistical Area",30373,1 
"14820","Brevard, NC Micropolitan Statistical Area",29334,1 
"14860","Bridgeport-Stamford-Norwalk, CT Metropolitan Statistical Area",882567,1 
"14940","Brigham City, UT Micropolitan Statistical Area",42745,1 
"15020","Brookhaven, MS Micropolitan Statistical Area",33166,1 
"15060","Brookings, OR Micropolitan Statistical Area",21137,1 
"15100","Brookings, SD Micropolitan Statistical Area",28220,1 
"15140","Brownsville, TN Micropolitan Statistical Area",19797,1 
"15180","Brownsville-Harlingen, TX Metropolitan Statistical Area",335227,1 
"15220","Brownwood, TX Micropolitan Statistical Area",37674,1 
"15260","Brunswick, GA Metropolitan Statistical Area",93044,1 
"15340","Bucyrus, OH Micropolitan Statistical Area",46966,1 
"15380","Buffalo-Niagara Falls, NY Metropolitan Statistical Area",1170111,1 
"15420","Burley, ID Micropolitan Statistical Area",41590,1 
"15460","Burlington, IA-IL Micropolitan Statistical Area",50564,1 
"15500","Burlington, NC Metropolitan Statistical Area",130800,1 
"15540","Burlington-South Burlington, VT Metropolitan Statistical Area",198889,1 
"15580","Butte-Silver Bow, MT Micropolitan Statistical Area",34606,1 
"15620","Cadillac, MI Micropolitan Statistical Area",44962,1 
"15660","Calhoun, GA Micropolitan Statistical Area",44104,1 
"15700","Cambridge, MD Micropolitan Statistical Area",30674,1 
"15740","Cambridge, OH Micropolitan Statistical Area",40792,1 
"15780","Camden, AR Micropolitan Statistical Area",34534,1 
"15820","Campbellsville, KY Micropolitan Statistical Area",22927,1 
"15860","Canon City, CO Micropolitan Statistical Area",46145,1 
"15900","Canton, IL Micropolitan Statistical Area",38250,1 
"15940","Canton-Massillon, OH Metropolitan Statistical Area",406934,1 
"15980","Cape Coral-Fort Myers, FL Metropolitan Statistical Area",440888,1 
"16020","Cape Girardeau-Jackson, MO-IL Micropolitan Statistical Area",90312,1 
"16060","Carbondale, IL Micropolitan Statistical Area",59612,1 
"16100","Carlsbad-Artesia, NM Micropolitan Statistical Area",51658,1 
"16180","Carson City, NV Metropolitan Statistical Area",52457,1 
"16220","Casper, WY Metropolitan Statistical Area",66533,1 
"16260","Cedar City, UT Micropolitan Statistical Area",33779,1 
"16300","Cedar Rapids, IA Metropolitan Statistical Area",237230,1 
"16340","Cedartown, GA Micropolitan Statistical Area",38127,1 
"16380","Celina, OH Micropolitan Statistical Area",40924,1 
"16420","Central City, KY Micropolitan Statistical Area",31839,1 
"16460","Centralia, IL Micropolitan Statistical Area",41691,1 
"16500","Centralia, WA Micropolitan Statistical Area",68600,1 
"16540","Chambersburg, PA Micropolitan Statistical Area",129313,1 
"16580","Champaign-Urbana, IL Metropolitan Statistical Area",210275,1 
"16620","Charleston, WV Metropolitan Statistical Area",309635,1 
"16660","Charleston-Mattoon, IL Micropolitan Statistical Area",64449,1 
"16700","Charleston-North Charleston-Summerville, SC Metropolitan Statistical Area",549033,1 
"16740","Charlotte-Gastonia-Concord, NC-SC Metropolitan Statistical Area",1330448,1 
"16820","Charlottesville, VA Metropolitan Statistical Area",174021,1 
"16860","Chattanooga, TN-GA Metropolitan Statistical Area",476531,1 
"16900","Chester, SC Micropolitan Statistical Area",34068,1 
"16940","Cheyenne, WY Metropolitan Statistical Area",81607,1 
"16980","Chicago-Naperville-Joliet, IL-IN-WI Metropolitan Statistical Area",9098316,1 
"17020","Chico, CA Metropolitan Statistical Area",203171,1 
"17060","Chillicothe, OH Micropolitan Statistical Area",73345,1 
"17140","Cincinnati-Middletown, OH-KY-IN Metropolitan Statistical Area",2009632,1 
"17180","City of The Dalles, OR Micropolitan Statistical Area",23791,1 
"17200","Claremont, NH Micropolitan Statistical Area",40458,1 
"17220","Clarksburg, WV Micropolitan Statistical Area",92144,1 
"17260","Clarksdale, MS Micropolitan Statistical Area",30622,1 
"17300","Clarksville, TN-KY Metropolitan Statistical Area",232000,1 
"17340","Clearlake, CA Micropolitan Statistical Area",58309,1 
"17380","Cleveland, MS Micropolitan Statistical Area",40633,1 
"17420","Cleveland, TN Metropolitan Statistical Area",104015,1 
"17460","Cleveland-Elyria-Mentor, OH Metropolitan Statistical Area",2148143,1 
"17500","Clewiston, FL Micropolitan Statistical Area",36210,1 
"17540","Clinton, IA Micropolitan Statistical Area",50149,1 
"17580","Clovis, NM Micropolitan Statistical Area",45044,1 
"17660","Coeur dAlene, ID Metropolitan Statistical Area",108685,1 
"17700","Coffeyville, KS Micropolitan Statistical Area",36252,1 
"17740","Coldwater, MI Micropolitan Statistical Area",45787,1 
"17780","College Station-Bryan, TX Metropolitan Statistical Area",184885,1 
"17820","Colorado Springs, CO Metropolitan Statistical Area",537484,1 
"17860","Columbia, MO Metropolitan Statistical Area",145666,1 
"17900","Columbia, SC Metropolitan Statistical Area",647158,1 
"17940","Columbia, TN Micropolitan Statistical Area",69498,1 
"17980","Columbus, GA-AL Metropolitan Statistical Area",281768,1 
"18020","Columbus, IN Metropolitan Statistical Area",71435,1 
"18060","Columbus, MS Micropolitan Statistical Area",61586,1 
"18100","Columbus, NE Micropolitan Statistical Area",31662,1 
"18140","Columbus, OH Metropolitan Statistical Area",1612694,1 
"18180","Concord, NH Micropolitan Statistical Area",136225,1 
"18220","Connersville, IN Micropolitan Statistical Area",25588,1 
"18260","Cookeville, TN Micropolitan Statistical Area",93417,1 
"18300","Coos Bay, OR Micropolitan Statistical Area",62779,1 
"18340","Corbin, KY Micropolitan Statistical Area",35865,1 
"18380","Cordele, GA Micropolitan Statistical Area",21996,1 
"18420","Corinth, MS Micropolitan Statistical Area",34558,1 
"18460","Cornelia, GA Micropolitan Statistical Area",35902,1 
"18500","Corning, NY Micropolitan Statistical Area",98726,1 
"18580","Corpus Christi, TX Metropolitan Statistical Area",403280,1 
"18620","Corsicana, TX Micropolitan Statistical Area",45124,1 
"18660","Cortland, NY Micropolitan Statistical Area",48599,1 
"18700","Corvallis, OR Metropolitan Statistical Area",78153,1 
"18740","Coshocton, OH Micropolitan Statistical Area",36655,1 
"18820","Crawfordsville, IN Micropolitan Statistical Area",37629,1 
"18860","Crescent City, CA Micropolitan Statistical Area",27507,1 
"18900","Crossville, TN Micropolitan Statistical Area",46802,1 
"18940","Crowley, LA Micropolitan Statistical Area",58861,1 
"18980","Cullman, AL Micropolitan Statistical Area",77483,1 
"19020","Culpeper, VA Micropolitan Statistical Area",34262,1 
"19060","Cumberland, MD-WV Metropolitan Statistical Area",102008,1 
"19100","Dallas-Fort Worth-Arlington, TX Metropolitan Statistical Area",5161544,1 
"19140","Dalton, GA Metropolitan Statistical Area",120031,1 
"19180","Danville, IL Metropolitan Statistical Area",83919,1 
"19220","Danville, KY Micropolitan Statistical Area",51058,1 
"19260","Danville, VA Metropolitan Statistical Area",110156,1 
"19300","Daphne-Fairhope-Foley, AL Micropolitan Statistical Area",140415,1 
"19340","Davenport-Moline-Rock Island, IA-IL Metropolitan Statistical Area",376019,1 
"19380","Dayton, OH Metropolitan Statistical Area",848153,1 
"19460","Decatur, AL Metropolitan Statistical Area",145867,1 
"19500","Decatur, IL Metropolitan Statistical Area",114706,1 
"19540","Decatur, IN Micropolitan Statistical Area",33625,1 
"19580","Defiance, OH Micropolitan Statistical Area",39500,1 
"19620","Del Rio, TX Micropolitan Statistical Area",44856,1 
"19660","Deltona-Daytona Beach-Ormond Beach, FL Metropolitan Statistical Area",443343,1 
"19700","Deming, NM Micropolitan Statistical Area",25016,1 
"19740","Denver-Aurora, CO Metropolitan Statistical Area",2179240,1 
"19760","De Ridder, LA Micropolitan Statistical Area",32986,1 
"19780","Des Moines-West Des Moines, IA Metropolitan Statistical Area",481394,1 
"19820","Detroit-Warren-Livonia, MI Metropolitan Statistical Area",4452557,1 
"19860","Dickinson, ND Micropolitan Statistical Area",23524,1 
"19900","Dillon, SC Micropolitan Statistical Area",30722,1 
"19940","Dixon, IL Micropolitan Statistical Area",36062,1 
"19980","Dodge City, KS Micropolitan Statistical Area",32458,1 
"20020","Dothan, AL Metropolitan Statistical Area",130861,1 
"20060","Douglas, GA Micropolitan Statistical Area",45022,1 
"20100","Dover, DE Metropolitan Statistical Area",126697,1 
"20140","Dublin, GA Micropolitan Statistical Area",53434,1 
"20180","DuBois, PA Micropolitan Statistical Area",83382,1 
"20220","Dubuque, IA Metropolitan Statistical Area",89143,1 
"20260","Duluth, MN-WI Metropolitan Statistical Area",275486,1 
"20300","Dumas, TX Micropolitan Statistical Area",20121,1 
"20340","Duncan, OK Micropolitan Statistical Area",43182,1 
"20380","Dunn, NC Micropolitan Statistical Area",91025,1 
"20420","Durango, CO Micropolitan Statistical Area",43941,1 
"20460","Durant, OK Micropolitan Statistical Area",36534,1 
"20500","Durham, NC Metropolitan Statistical Area",426493,1 
"20540","Dyersburg, TN Micropolitan Statistical Area",37279,1 
"20580","Eagle Pass, TX Micropolitan Statistical Area",47297,1 
"20620","East Liverpool-Salem, OH Micropolitan Statistical Area",112075,1 
"20660","Easton, MD Micropolitan Statistical Area",33812,1 
"20700","East Stroudsburg, PA Micropolitan Statistical Area",138687,1 
"20740","Eau Claire, WI Metropolitan Statistical Area",148337,1 
"20780","Edwards, CO Micropolitan Statistical Area",49471,1 
"20820","Effingham, IL Micropolitan Statistical Area",34264,1 
"20900","El Campo, TX Micropolitan Statistical Area",41188,1 
"20940","El Centro, CA Metropolitan Statistical Area",142361,1 
"20980","El Dorado, AR Micropolitan Statistical Area",45629,1 
"21020","Elizabeth City, NC Micropolitan Statistical Area",53150,1 
"21060","Elizabethtown, KY Metropolitan Statistical Area",107547,1 
"21120","Elk City, OK Micropolitan Statistical Area",19799,1 
"21140","Elkhart-Goshen, IN Metropolitan Statistical Area",182791,1 
"21220","Elko, NV Micropolitan Statistical Area",46942,1 
"21260","Ellensburg, WA Micropolitan Statistical Area",33362,1 
"21300","Elmira, NY Metropolitan Statistical Area",91070,1 
"21340","El Paso, TX Metropolitan Statistical Area",679622,1 
"21380","Emporia, KS Micropolitan Statistical Area",38965,1 
"21420","Enid, OK Micropolitan Statistical Area",57813,1 
"21460","Enterprise-Ozark, AL Micropolitan Statistical Area",92744,1 
"21500","Erie, PA Metropolitan Statistical Area",280843,1 
"21540","Escanaba, MI Micropolitan Statistical Area",38520,1 
"21580","Espanola, NM Micropolitan Statistical Area",41190,1 
"21640","Eufaula, AL-GA Micropolitan Statistical Area",31636,1 
"21660","Eugene-Springfield, OR Metropolitan Statistical Area",322959,1 
"21700","Eureka-Arcata-Fortuna, CA Micropolitan Statistical Area",126518,1 
"21740","Evanston, WY Micropolitan Statistical Area",19742,1 
"21780","Evansville, IN-KY Metropolitan Statistical Area",342815,1 
"21820","Fairbanks, AK Metropolitan Statistical Area",82840,1 
"21860","Fairmont, MN Micropolitan Statistical Area",21802,1 
"21900","Fairmont, WV Micropolitan Statistical Area",56598,1 
"21980","Fallon, NV Micropolitan Statistical Area",23982,1 
"22020","Fargo, ND-MN Metropolitan Statistical Area",174367,1 
"22060","Faribault-Northfield, MN Micropolitan Statistical Area",56665,1 
"22100","Farmington, MO Micropolitan Statistical Area",55641,1 
"22140","Farmington, NM Metropolitan Statistical Area",113801,1 
"22180","Fayetteville, NC Metropolitan Statistical Area",336609,1 
"22220","Fayetteville-Springdale-Rogers, AR-MO Metropolitan Statistical Area",347045,1 
"22260","Fergus Falls, MN Micropolitan Statistical Area",57159,1 
"22280","Fernley, NV Micropolitan Statistical Area",34501,1 
"22300","Findlay, OH Micropolitan Statistical Area",71295,1 
"22340","Fitzgerald, GA Micropolitan Statistical Area",27415,1 
"22380","Flagstaff, AZ Metropolitan Statistical Area",116320,1 
"22420","Flint, MI Metropolitan Statistical Area",436141,1 
"22500","Florence, SC Metropolitan Statistical Area",193155,1 
"22520","Florence-Muscle Shoals, AL Metropolitan Statistical Area",142950,1 
"22540","Fond du Lac, WI Metropolitan Statistical Area",97296,1 
"22580","Forest City, NC Micropolitan Statistical Area",62899,1 
"22620","Forrest City, AR Micropolitan Statistical Area",29329,1 
"22660","Fort Collins-Loveland, CO Metropolitan Statistical Area",251494,1 
"22700","Fort Dodge, IA Micropolitan Statistical Area",40235,1 
"22780","Fort Leonard Wood, MO Micropolitan Statistical Area",41165,1 
"22800","Fort Madison-Keokuk, IA-MO Micropolitan Statistical Area",45468,1 
"22820","Fort Morgan, CO Micropolitan Statistical Area",27171,1 
"22840","Fort Payne, AL Micropolitan Statistical Area",64452,1 
"22860","Fort Polk South, LA Micropolitan Statistical Area",52531,1 
"22900","Fort Smith, AR-OK Metropolitan Statistical Area",273170,1 
"22980","Fort Valley, GA Micropolitan Statistical Area",23668,1 
"23020","Fort Walton Beach-Crestview-Destin, FL Metropolitan Statistical Area",170498,1 
"23060","Fort Wayne, IN Metropolitan Statistical Area",390156,1 
"23140","Frankfort, IN Micropolitan Statistical Area",33866,1 
"23180","Frankfort, KY Micropolitan Statistical Area",66798,1 
"23240","Fredericksburg, TX Micropolitan Statistical Area",20814,1 
"23300","Freeport, IL Micropolitan Statistical Area",48979,1 
"23340","Fremont, NE Micropolitan Statistical Area",36160,1 
"23380","Fremont, OH Micropolitan Statistical Area",61792,1 
"23420","Fresno, CA Metropolitan Statistical Area",799407,1 
"23460","Gadsden, AL Metropolitan Statistical Area",103459,1 
"23500","Gaffney, SC Micropolitan Statistical Area",52537,1 
"23540","Gainesville, FL Metropolitan Statistical Area",232392,1 
"23580","Gainesville, GA Metropolitan Statistical Area",139277,1 
"23620","Gainesville, TX Micropolitan Statistical Area",36363,1 
"23660","Galesburg, IL Micropolitan Statistical Area",74571,1 
"23700","Gallup, NM Micropolitan Statistical Area",74798,1 
"23780","Garden City, KS Micropolitan Statistical Area",40523,1 
"23820","Gardnerville Ranchos, NV Micropolitan Statistical Area",41259,1 
"23860","Georgetown, SC Micropolitan Statistical Area",55797,1 
"23900","Gettysburg, PA Micropolitan Statistical Area",91292,1 
"23940","Gillette, WY Micropolitan Statistical Area",33698,1 
"23980","Glasgow, KY Micropolitan Statistical Area",48070,1 
"24020","Glens Falls, NY Metropolitan Statistical Area",124345,1 
"24100","Gloversville, NY Micropolitan Statistical Area",55073,1 
"24140","Goldsboro, NC Metropolitan Statistical Area",113329,1 
"24180","Granbury, TX Micropolitan Statistical Area",47909,1 
"24220","Grand Forks, ND-MN Metropolitan Statistical Area",97478,1 
"24260","Grand Island, NE Micropolitan Statistical Area",68305,1 
"24300","Grand Junction, CO Metropolitan Statistical Area",116255,1 
"24340","Grand Rapids-Wyoming, MI Metropolitan Statistical Area",740482,1 
"24380","Grants, NM Micropolitan Statistical Area",25595,1 
"24420","Grants Pass, OR Micropolitan Statistical Area",75726,1 
"24460","Great Bend, KS Micropolitan Statistical Area",28205,1 
"24500","Great Falls, MT Metropolitan Statistical Area",80357,1 
"24540","Greeley, CO Metropolitan Statistical Area",180926,1 
"24580","Green Bay, WI Metropolitan Statistical Area",282599,1 
"24620","Greeneville, TN Micropolitan Statistical Area",62909,1 
"24660","Greensboro-High Point, NC Metropolitan Statistical Area",643430,1 
"24700","Greensburg, IN Micropolitan Statistical Area",24555,1 
"24740","Greenville, MS Micropolitan Statistical Area",62977,1 
"24780","Greenville, NC Metropolitan Statistical Area",152772,1 
"24820","Greenville, OH Micropolitan Statistical Area",53309,1 
"24860","Greenville-Mauldin-Easley, SC Metropolitan Statistical Area",559940,1 
"24900","Greenwood, MS Micropolitan Statistical Area",48716,1 
"24940","Greenwood, SC Micropolitan Statistical Area",66271,1 
"24980","Grenada, MS Micropolitan Statistical Area",23263,1 
"25060","Gulfport-Biloxi, MS Metropolitan Statistical Area",246190,1 
"25100","Guymon, OK Micropolitan Statistical Area",20107,1 
"25180","Hagerstown-Martinsburg, MD-WV Metropolitan Statistical Area",222771,1 
"25220","Hammond, LA Micropolitan Statistical Area",100588,1 
"25260","Hanford-Corcoran, CA Metropolitan Statistical Area",129461,1 
"25300","Hannibal, MO Micropolitan Statistical Area",37915,1 
"25340","Harriman, TN Micropolitan Statistical Area",51910,1 
"25380","Harrisburg, IL Micropolitan Statistical Area",26733,1 
"25420","Harrisburg-Carlisle, PA Metropolitan Statistical Area",509074,1 
"25460","Harrison, AR Micropolitan Statistical Area",42556,1 
"25500","Harrisonburg, VA Metropolitan Statistical Area",108193,1 
"25540","Hartford-West Hartford-East Hartford, CT Metropolitan Statistical Area",1148618,1 
"25580","Hastings, NE Micropolitan Statistical Area",38190,1 
"25620","Hattiesburg, MS Metropolitan Statistical Area",123812,1 
"25660","Havre, MT Micropolitan Statistical Area",16673,1 
"25700","Hays, KS Micropolitan Statistical Area",27507,1 
"25720","Heber, UT Micropolitan Statistical Area",15215,1 
"25740","Helena, MT Micropolitan Statistical Area",65765,1 
"25760","Helena-West Helena, AR Micropolitan Statistical Area",26445,1 
"25780","Henderson, NC Micropolitan Statistical Area",42954,1 
"25820","Hereford, TX Micropolitan Statistical Area",18561,1 
"25860","Hickory-Lenoir-Morganton, NC Metropolitan Statistical Area",341851,1 
"25900","Hilo, HI Micropolitan Statistical Area",148677,1 
"25940","Hilton Head Island-Beaufort, SC Micropolitan Statistical Area",141615,1 
"25980","Hinesville-Fort Stewart, GA Metropolitan Statistical Area",71914,1 
"26020","Hobbs, NM Micropolitan Statistical Area",55511,1 
"26100","Holland-Grand Haven, MI Metropolitan Statistical Area",238314,1 
"26140","Homosassa Springs, FL Micropolitan Statistical Area",118085,1 
"26180","Honolulu, HI Metropolitan Statistical Area",876156,1 
"26220","Hood River, OR Micropolitan Statistical Area",20411,1 
"26260","Hope, AR Micropolitan Statistical Area",33542,1 
"26300","Hot Springs, AR Metropolitan Statistical Area",88068,1 
"26340","Houghton, MI Micropolitan Statistical Area",38317,1 
"26380","Houma-Bayou Cane-Thibodaux, LA Metropolitan Statistical Area",194477,1 
"26420","Houston-Sugar Land-Baytown, TX Metropolitan Statistical Area",4715407,1 
"26460","Hudson, NY Micropolitan Statistical Area",63094,1 
"26480","Humboldt, TN Micropolitan Statistical Area",48152,1 
"26500","Huntingdon, PA Micropolitan Statistical Area",45586,1 
"26540","Huntington, IN Micropolitan Statistical Area",38075,1 
"26580","Huntington-Ashland, WV-KY-OH Metropolitan Statistical Area",288649,1 
"26620","Huntsville, AL Metropolitan Statistical Area",342376,1 
"26660","Huntsville, TX Micropolitan Statistical Area",61758,1 
"26700","Huron, SD Micropolitan Statistical Area",17023,1 
"26740","Hutchinson, KS Micropolitan Statistical Area",64790,1 
"26780","Hutchinson, MN Micropolitan Statistical Area",34898,1 
"26820","Idaho Falls, ID Metropolitan Statistical Area",101677,1 
"26860","Indiana, PA Micropolitan Statistical Area",89605,1 
"26900","Indianapolis-Carmel, IN Metropolitan Statistical Area",1525104,1 
"26940","Indianola, MS Micropolitan Statistical Area",34369,1 
"26980","Iowa City, IA Metropolitan Statistical Area",131676,1 
"27020","Iron Mountain, MI-WI Micropolitan Statistical Area",32560,1 
"27060","Ithaca, NY Metropolitan Statistical Area",96501,1 
"27100","Jackson, MI Metropolitan Statistical Area",158422,1 
"27140","Jackson, MS Metropolitan Statistical Area",497197,1 
"27180","Jackson, TN Metropolitan Statistical Area",107377,1 
"27220","Jackson, WY-ID Micropolitan Statistical Area",24250,1 
"27260","Jacksonville, FL Metropolitan Statistical Area",1122750,1 
"27300","Jacksonville, IL Micropolitan Statistical Area",42153,1 
"27340","Jacksonville, NC Metropolitan Statistical Area",150355,1 
"27380","Jacksonville, TX Micropolitan Statistical Area",46659,1 
"27420","Jamestown, ND Micropolitan Statistical Area",21908,1 
"27460","Jamestown-Dunkirk-Fredonia, NY Micropolitan Statistical Area",139750,1 
"27500","Janesville, WI Metropolitan Statistical Area",152307,1 
"27540","Jasper, IN Micropolitan Statistical Area",52511,1 
"27620","Jefferson City, MO Metropolitan Statistical Area",140052,1 
"27660","Jennings, LA Micropolitan Statistical Area",31435,1 
"27700","Jesup, GA Micropolitan Statistical Area",26565,1 
"27740","Johnson City, TN Metropolitan Statistical Area",181607,1 
"27780","Johnstown, PA Metropolitan Statistical Area",152598,1 
"27860","Jonesboro, AR Metropolitan Statistical Area",107762,1 
"27900","Joplin, MO Metropolitan Statistical Area",157322,1 
"27940","Juneau, AK Micropolitan Statistical Area",30711,1 
"27980","Kahului-Wailuku, HI Micropolitan Statistical Area",128094,1 
"28020","Kalamazoo-Portage, MI Metropolitan Statistical Area",314866,1 
"28060","Kalispell, MT Micropolitan Statistical Area",74471,1 
"28100","Kankakee-Bradley, IL Metropolitan Statistical Area",103833,1 
"28140","Kansas City, MO-KS Metropolitan Statistical Area",1836038,1 
"28180","Kapaa, HI Micropolitan Statistical Area",58463,1 
"28260","Kearney, NE Micropolitan Statistical Area",49141,1 
"28300","Keene, NH Micropolitan Statistical Area",73825,1 
"28340","Kendallville, IN Micropolitan Statistical Area",46275,1 
"28380","Kennett, MO Micropolitan Statistical Area",33155,1 
"28420","Kennewick-Pasco-Richland, WA Metropolitan Statistical Area",191822,1 
"28500","Kerrville, TX Micropolitan Statistical Area",43653,1 
"28540","Ketchikan, AK Micropolitan Statistical Area",14070,1 
"28580","Key West, FL Micropolitan Statistical Area",79589,1 
"28620","Kill Devil Hills, NC Micropolitan Statistical Area",29967,1 
"28660","Killeen-Temple-Fort Hood, TX Metropolitan Statistical Area",330714,1 
"28700","Kingsport-Bristol-Bristol, TN-VA Metropolitan Statistical Area",298484,1 
"28740","Kingston, NY Metropolitan Statistical Area",177749,1 
"28780","Kingsville, TX Micropolitan Statistical Area",31963,1 
"28820","Kinston, NC Micropolitan Statistical Area",59648,1 
"28860","Kirksville, MO Micropolitan Statistical Area",29147,1 
"28900","Klamath Falls, OR Micropolitan Statistical Area",63775,1 
"28940","Knoxville, TN Metropolitan Statistical Area",616079,1 
"28980","Kodiak, AK Micropolitan Statistical Area",13913,1 
"29020","Kokomo, IN Metropolitan Statistical Area",101541,1 
"29060","Laconia, NH Micropolitan Statistical Area",56325,1 
"29100","La Crosse, WI-MN Metropolitan Statistical Area",126838,1 
"29140","Lafayette, IN Metropolitan Statistical Area",178541,1 
"29180","Lafayette, LA Metropolitan Statistical Area",239086,1 
"29220","La Follette, TN Micropolitan Statistical Area",39854,1 
"29260","La Grande, OR Micropolitan Statistical Area",24530,1 
"29300","LaGrange, GA Micropolitan Statistical Area",58779,1 
"29340","Lake Charles, LA Metropolitan Statistical Area",193568,1 
"29380","Lake City, FL Micropolitan Statistical Area",56513,1 
"29420","Lake Havasu City-Kingman, AZ Metropolitan Statistical Area",155032,1 
"29460","Lakeland-Winter Haven, FL Metropolitan Statistical Area",483924,1 
"29500","Lamesa, TX Micropolitan Statistical Area",14985,1 
"29540","Lancaster, PA Metropolitan Statistical Area",470658,1 
"29580","Lancaster, SC Micropolitan Statistical Area",61351,1 
"29620","Lansing-East Lansing, MI Metropolitan Statistical Area",447728,1 
"29660","Laramie, WY Micropolitan Statistical Area",32014,1 
"29700","Laredo, TX Metropolitan Statistical Area",193117,1 
"29740","Las Cruces, NM Metropolitan Statistical Area",174682,1 
"29780","Las Vegas, NM Micropolitan Statistical Area",30126,1 
"29820","Las Vegas-Paradise, NV Metropolitan Statistical Area",1375765,1 
"29860","Laurel, MS Micropolitan Statistical Area",83107,1 
"29900","Laurinburg, NC Micropolitan Statistical Area",35998,1 
"29940","Lawrence, KS Metropolitan Statistical Area",99962,1 
"29980","Lawrenceburg, TN Micropolitan Statistical Area",39926,1 
"30020","Lawton, OK Metropolitan Statistical Area",114996,1 
"30060","Lebanon, MO Micropolitan Statistical Area",32513,1 
"30100","Lebanon, NH-VT Micropolitan Statistical Area",167387,1 
"30140","Lebanon, PA Metropolitan Statistical Area",120327,1 
"30220","Levelland, TX Micropolitan Statistical Area",22716,1 
"30260","Lewisburg, PA Micropolitan Statistical Area",41624,1 
"30280","Lewisburg, TN Micropolitan Statistical Area",26767,1 
"30300","Lewiston, ID-WA Metropolitan Statistical Area",57961,1 
"30340","Lewiston-Auburn, ME Metropolitan Statistical Area",103793,1 
"30380","Lewistown, PA Micropolitan Statistical Area",46486,1 
"30420","Lexington, NE Micropolitan Statistical Area",26508,1 
"30460","Lexington-Fayette, KY Metropolitan Statistical Area",408326,1 
"30500","Lexington Park, MD Micropolitan Statistical Area",86211,1 
"30580","Liberal, KS Micropolitan Statistical Area",22510,1 
"30620","Lima, OH Metropolitan Statistical Area",108473,1 
"30660","Lincoln, IL Micropolitan Statistical Area",31183,1 
"30700","Lincoln, NE Metropolitan Statistical Area",266787,1 
"30740","Lincolnton, NC Micropolitan Statistical Area",63780,1 
"30780","Little Rock-North Little Rock-Conway, AR Metropolitan Statistical Area",610518,1 
"30820","Lock Haven, PA Micropolitan Statistical Area",37914,1 
"30860","Logan, UT-ID Metropolitan Statistical Area",102720,1 
"30900","Logansport, IN Micropolitan Statistical Area",40930,1 
"30940","London, KY Micropolitan Statistical Area",52715,1 
"30980","Longview, TX Metropolitan Statistical Area",194042,1 
"31020","Longview, WA Metropolitan Statistical Area",92948,1 
"31060","Los Alamos, NM Micropolitan Statistical Area",18343,1 
"31100","Los Angeles-Long Beach-Santa Ana, CA Metropolitan Statistical Area",12365627,1 
"31140","Louisville/Jefferson County, KY-IN Metropolitan Statistical Area",1161975,1 
"31180","Lubbock, TX Metropolitan Statistical Area",249700,1 
"31260","Lufkin, TX Micropolitan Statistical Area",80130,1 
"31300","Lumberton, NC Micropolitan Statistical Area",123339,1 
"31340","Lynchburg, VA Metropolitan Statistical Area",228616,1 
"31380","Macomb, IL Micropolitan Statistical Area",32913,1 
"31420","Macon, GA Metropolitan Statistical Area",222368,1 
"31460","Madera, CA Metropolitan Statistical Area",123109,1 
"31500","Madison, IN Micropolitan Statistical Area",31705,1 
"31540","Madison, WI Metropolitan Statistical Area",501774,1 
"31580","Madisonville, KY Micropolitan Statistical Area",46519,1 
"31620","Magnolia, AR Micropolitan Statistical Area",25603,1 
"31660","Malone, NY Micropolitan Statistical Area",51134,1 
"31700","Manchester-Nashua, NH Metropolitan Statistical Area",380841,1 
"31740","Manhattan, KS Micropolitan Statistical Area",108999,1 
"31820","Manitowoc, WI Micropolitan Statistical Area",82887,1 
"31860","Mankato-North Mankato, MN Micropolitan Statistical Area",85712,1 
"31900","Mansfield, OH Metropolitan Statistical Area",128852,1 
"31940","Marinette, WI-MI Micropolitan Statistical Area",68710,1 
"31980","Marion, IN Micropolitan Statistical Area",73403,1 
"32020","Marion, OH Micropolitan Statistical Area",66217,1 
"32060","Marion-Herrin, IL Micropolitan Statistical Area",61296,1 
"32100","Marquette, MI Micropolitan Statistical Area",64634,1 
"32140","Marshall, MN Micropolitan Statistical Area",25425,1 
"32180","Marshall, MO Micropolitan Statistical Area",23756,1 
"32220","Marshall, TX Micropolitan Statistical Area",62110,1 
"32260","Marshalltown, IA Micropolitan Statistical Area",39311,1 
"32270","Marshfield-Wisconsin Rapids, WI Micropolitan Statistical Area",75555,1 
"32280","Martin, TN Micropolitan Statistical Area",34895,1 
"32300","Martinsville, VA Micropolitan Statistical Area",73346,1 
"32340","Maryville, MO Micropolitan Statistical Area",21912,1 
"32380","Mason City, IA Micropolitan Statistical Area",54356,1 
"32460","Mayfield, KY Micropolitan Statistical Area",37028,1 
"32500","Maysville, KY Micropolitan Statistical Area",30892,1 
"32540","McAlester, OK Micropolitan Statistical Area",43953,1 
"32580","McAllen-Edinburg-Mission, TX Metropolitan Statistical Area",569463,1 
"32620","McComb, MS Micropolitan Statistical Area",52539,1 
"32660","McMinnville, TN Micropolitan Statistical Area",38276,1 
"32700","McPherson, KS Micropolitan Statistical Area",29554,1 
"32740","Meadville, PA Micropolitan Statistical Area",90366,1 
"32780","Medford, OR Metropolitan Statistical Area",181269,1 
"32820","Memphis, TN-MS-AR Metropolitan Statistical Area",1205204,1 
"32860","Menomonie, WI Micropolitan Statistical Area",39858,1 
"32900","Merced, CA Metropolitan Statistical Area",210554,1 
"32940","Meridian, MS Micropolitan Statistical Area",106569,1 
"32980","Merrill, WI Micropolitan Statistical Area",29641,1 
"33020","Mexico, MO Micropolitan Statistical Area",25853,1 
"33060","Miami, OK Micropolitan Statistical Area",33194,1 
"33100","Miami-Fort Lauderdale-Pompano Beach, FL Metropolitan Statistical Area",5007564,1 
"33140","Michigan City-La Porte, IN Metropolitan Statistical Area",110106,1 
"33180","Middlesborough, KY Micropolitan Statistical Area",30060,1 
"33220","Midland, MI Micropolitan Statistical Area",82874,1 
"33260","Midland, TX Metropolitan Statistical Area",116009,1 
"33300","Milledgeville, GA Micropolitan Statistical Area",54776,1 
"33340","Milwaukee-Waukesha-West Allis, WI Metropolitan Statistical Area",1500741,1 
"33380","Minden, LA Micropolitan Statistical Area",41831,1 
"33420","Mineral Wells, TX Micropolitan Statistical Area",27026,1 
"33460","Minneapolis-St. Paul-Bloomington, MN-WI Metropolitan Statistical Area",2968806,1 
"33500","Minot, ND Micropolitan Statistical Area",67392,1 
"33540","Missoula, MT Metropolitan Statistical Area",95802,1 
"33580","Mitchell, SD Micropolitan Statistical Area",21880,1 
"33620","Moberly, MO Micropolitan Statistical Area",24663,1 
"33660","Mobile, AL Metropolitan Statistical Area",399843,1 
"33700","Modesto, CA Metropolitan Statistical Area",446997,1 
"33740","Monroe, LA Metropolitan Statistical Area",170053,1 
"33780","Monroe, MI Metropolitan Statistical Area",145945,1 
"33820","Monroe, WI Micropolitan Statistical Area",33647,1 
"33860","Montgomery, AL Metropolitan Statistical Area",346528,1 
"33940","Montrose, CO Micropolitan Statistical Area",33432,1 
"33980","Morehead City, NC Micropolitan Statistical Area",59383,1 
"34020","Morgan City, LA Micropolitan Statistical Area",53500,1 
"34060","Morgantown, WV Metropolitan Statistical Area",111200,1 
"34100","Morristown, TN Metropolitan Statistical Area",123081,1 
"34140","Moscow, ID Micropolitan Statistical Area",34935,1 
"34180","Moses Lake, WA Micropolitan Statistical Area",74698,1 
"34220","Moultrie, GA Micropolitan Statistical Area",42053,1 
"34260","Mountain Home, AR Micropolitan Statistical Area",38386,1 
"34300","Mountain Home, ID Micropolitan Statistical Area",29130,1 
"34340","Mount Airy, NC Micropolitan Statistical Area",71219,1 
"34380","Mount Pleasant, MI Micropolitan Statistical Area",63351,1 
"34420","Mount Pleasant, TX Micropolitan Statistical Area",28118,1 
"34460","Mount Sterling, KY Micropolitan Statistical Area",40195,1 
"34500","Mount Vernon, IL Micropolitan Statistical Area",48666,1 
"34540","Mount Vernon, OH Micropolitan Statistical Area",54500,1 
"34580","Mount Vernon-Anacortes, WA Metropolitan Statistical Area",102979,1 
"34620","Muncie, IN Metropolitan Statistical Area",118769,1 
"34660","Murray, KY Micropolitan Statistical Area",34177,1 
"34700","Muscatine, IA Micropolitan Statistical Area",53905,1 
"34740","Muskegon-Norton Shores, MI Metropolitan Statistical Area",170200,1 
"34780","Muskogee, OK Micropolitan Statistical Area",69451,1 
"34820","Myrtle Beach-North Myrtle Beach-Conway, SC Metropolitan Statistical Area",196629,1 
"34860","Nacogdoches, TX Micropolitan Statistical Area",59203,1 
"34900","Napa, CA Metropolitan Statistical Area",124279,1 
"34940","Naples-Marco Island, FL Metropolitan Statistical Area",251377,1 
"34980","Nashville-Davidson--Murfreesboro--Franklin, TN Metropolitan Statistical Are",1311789,1 
"35020","Natchez, MS-LA Micropolitan Statistical Area",54587,1 
"35060","Natchitoches, LA Micropolitan Statistical Area",39080,1 
"35100","New Bern, NC Micropolitan Statistical Area",114751,1 
"35140","Newberry, SC Micropolitan Statistical Area",36108,1 
"35220","New Castle, IN Micropolitan Statistical Area",48508,1 
"35260","New Castle, PA Micropolitan Statistical Area",94643,1 
"35300","New Haven-Milford, CT Metropolitan Statistical Area",824008,1 
"35340","New Iberia, LA Micropolitan Statistical Area",73266,1 
"35380","New Orleans-Metairie-Kenner, LA Metropolitan Statistical Area",1316510,1 
"35420","New Philadelphia-Dover, OH Micropolitan Statistical Area",90914,1 
"35460","Newport, TN Micropolitan Statistical Area",33565,1 
"35500","Newton, IA Micropolitan Statistical Area",37213,1 
"35580","New Ulm, MN Micropolitan Statistical Area",26911,1 
"35620","New York-Northern New Jersey-Long Island, NY-NJ-PA Metropolitan Statistical",18323002,1 
"35660","Niles-Benton Harbor, MI Metropolitan Statistical Area",162453,1 
"35700","Nogales, AZ Micropolitan Statistical Area",38381,1 
"35740","Norfolk, NE Micropolitan Statistical Area",49538,1 
"35820","North Platte, NE Micropolitan Statistical Area",35939,1 
"35860","North Vernon, IN Micropolitan Statistical Area",27554,1 
"35900","North Wilkesboro, NC Micropolitan Statistical Area",65632,1 
"35940","Norwalk, OH Micropolitan Statistical Area",59487,1 
"35980","Norwich-New London, CT Metropolitan Statistical Area",259088,1 
"36020","Oak Harbor, WA Micropolitan Statistical Area",71558,1 
"36060","Oak Hill, WV Micropolitan Statistical Area",47579,1 
"36100","Ocala, FL Metropolitan Statistical Area",258916,1 
"36140","Ocean City, NJ Metropolitan Statistical Area",102326,1 
"36180","Ocean Pines, MD Micropolitan Statistical Area",46543,1 
"36220","Odessa, TX Metropolitan Statistical Area",121123,1 
"36260","Ogden-Clearfield, UT Metropolitan Statistical Area",442656,1 
"36300","Ogdensburg-Massena, NY Micropolitan Statistical Area",111931,1 
"36340","Oil City, PA Micropolitan Statistical Area",57565,1 
"36380","Okeechobee, FL Micropolitan Statistical Area",35910,1 
"36420","Oklahoma City, OK Metropolitan Statistical Area",1095421,1 
"36460","Olean, NY Micropolitan Statistical Area",83955,1 
"36500","Olympia, WA Metropolitan Statistical Area",207355,1 
"36540","Omaha-Council Bluffs, NE-IA Metropolitan Statistical Area",767041,1 
"36580","Oneonta, NY Micropolitan Statistical Area",61676,1 
"36620","Ontario, OR-ID Micropolitan Statistical Area",52193,1 
"36660","Opelousas-Eunice, LA Micropolitan Statistical Area",87700,1 
"36700","Orangeburg, SC Micropolitan Statistical Area",91582,1 
"36740","Orlando-Kissimmee, FL Metropolitan Statistical Area",1644561,1 
"36780","Oshkosh-Neenah, WI Metropolitan Statistical Area",156763,1 
"36820","Oskaloosa, IA Micropolitan Statistical Area",22335,1 
"36860","Ottawa-Streator, IL Micropolitan Statistical Area",153098,1 
"36900","Ottumwa, IA Micropolitan Statistical Area",36051,1 
"36940","Owatonna, MN Micropolitan Statistical Area",33680,1 
"36980","Owensboro, KY Metropolitan Statistical Area",109875,1 
"37020","Owosso, MI Micropolitan Statistical Area",71687,1 
"37060","Oxford, MS Micropolitan Statistical Area",38744,1 
"37100","Oxnard-Thousand Oaks-Ventura, CA Metropolitan Statistical Area",753197,1 
"37140","Paducah, KY-IL Micropolitan Statistical Area",98765,1 
"37220","Pahrump, NV Micropolitan Statistical Area",32485,1 
"37260","Palatka, FL Micropolitan Statistical Area",70423,1 
"37300","Palestine, TX Micropolitan Statistical Area",55109,1 
"37340","Palm Bay-Melbourne-Titusville, FL Metropolitan Statistical Area",476230,1 
"37380","Palm Coast, FL Metropolitan Statistical Area",49832,1 
"37420","Pampa, TX Micropolitan Statistical Area",23631,1 
"37460","Panama City-Lynn Haven, FL Metropolitan Statistical Area",148217,1 
"37500","Paragould, AR Micropolitan Statistical Area",37331,1 
"37540","Paris, TN Micropolitan Statistical Area",31115,1 
"37580","Paris, TX Micropolitan Statistical Area",48499,1 
"37620","Parkersburg-Marietta-Vienna, WV-OH Metropolitan Statistical Area",164624,1 
"37660","Parsons, KS Micropolitan Statistical Area",22835,1 
"37700","Pascagoula, MS Metropolitan Statistical Area",150564,1 
"37740","Payson, AZ Micropolitan Statistical Area",51335,1 
"37780","Pecos, TX Micropolitan Statistical Area",13137,1 
"37800","Pella, IA Micropolitan Statistical Area",32052,1 
"37820","Pendleton-Hermiston, OR Micropolitan Statistical Area",81543,1 
"37860","Pensacola-Ferry Pass-Brent, FL Metropolitan Statistical Area",412153,1 
"37900","Peoria, IL Metropolitan Statistical Area",366899,1 
"37940","Peru, IN Micropolitan Statistical Area",36082,1 
"37980","Philadelphia-Camden-Wilmington, PA-NJ-DE-MD Metropolitan Statistical Area",5687147,1 
"38020","Phoenix Lake-Cedar Ridge, CA Micropolitan Statistical Area",54501,1 
"38060","Phoenix-Mesa-Scottsdale, AZ Metropolitan Statistical Area",3251876,1 
"38100","Picayune, MS Micropolitan Statistical Area",48621,1 
"38180","Pierre, SD Micropolitan Statistical Area",19253,1 
"38200","Pierre Part, LA Micropolitan Statistical Area",23388,1 
"38220","Pine Bluff, AR Metropolitan Statistical Area",107341,1 
"38260","Pittsburg, KS Micropolitan Statistical Area",38242,1 
"38300","Pittsburgh, PA Metropolitan Statistical Area",2431087,1 
"38340","Pittsfield, MA Metropolitan Statistical Area",134953,1 
"38380","Plainview, TX Micropolitan Statistical Area",36602,1 
"38420","Platteville, WI Micropolitan Statistical Area",49597,1 
"38460","Plattsburgh, NY Micropolitan Statistical Area",79894,1 
"38500","Plymouth, IN Micropolitan Statistical Area",45128,1 
"38540","Pocatello, ID Metropolitan Statistical Area",83103,1 
"38580","Point Pleasant, WV-OH Micropolitan Statistical Area",57026,1 
"38620","Ponca City, OK Micropolitan Statistical Area",48080,1 
"38700","Pontiac, IL Micropolitan Statistical Area",39678,1 
"38740","Poplar Bluff, MO Micropolitan Statistical Area",40867,1 
"38780","Portales, NM Micropolitan Statistical Area",18018,1 
"38820","Port Angeles, WA Micropolitan Statistical Area",64525,1 
"38860","Portland-South Portland-Biddeford, ME Metropolitan Statistical Area",487568,1 
"38900","Portland-Vancouver-Beaverton, OR-WA Metropolitan Statistical Area",1927881,1 
"38940","Port St. Lucie, FL Metropolitan Statistical Area",319426,1 
"39020","Portsmouth, OH Micropolitan Statistical Area",79195,1 
"39060","Pottsville, PA Micropolitan Statistical Area",150336,1 
"39100","Poughkeepsie-Newburgh-Middletown, NY Metropolitan Statistical Area",621517,1 
"39140","Prescott, AZ Metropolitan Statistical Area",167517,1 
"39220","Price, UT Micropolitan Statistical Area",20422,1 
"39260","Prineville, OR Micropolitan Statistical Area",19182,1 
"39300","Providence-New Bedford-Fall River, RI-MA Metropolitan Statistical Area",1582997,1 
"39340","Provo-Orem, UT Metropolitan Statistical Area",376774,1 
"39380","Pueblo, CO Metropolitan Statistical Area",141472,1 
"39420","Pullman, WA Micropolitan Statistical Area",40740,1 
"39460","Punta Gorda, FL Metropolitan Statistical Area",141627,1 
"39500","Quincy, IL-MO Micropolitan Statistical Area",78771,1 
"39540","Racine, WI Metropolitan Statistical Area",188831,1 
"39580","Raleigh-Cary, NC Metropolitan Statistical Area",797071,1 
"39660","Rapid City, SD Metropolitan Statistical Area",112818,1 
"39700","Raymondville, TX Micropolitan Statistical Area",20082,1 
"39740","Reading, PA Metropolitan Statistical Area",373638,1 
"39780","Red Bluff, CA Micropolitan Statistical Area",56039,1 
"39820","Redding, CA Metropolitan Statistical Area",163256,1 
"39860","Red Wing, MN Micropolitan Statistical Area",44127,1 
"39900","Reno-Sparks, NV Metropolitan Statistical Area",342885,1 
"39940","Rexburg, ID Micropolitan Statistical Area",39286,1 
"39980","Richmond, IN Micropolitan Statistical Area",71097,1 
"40060","Richmond, VA Metropolitan Statistical Area",1096957,1 
"40080","Richmond-Berea, KY Micropolitan Statistical Area",87454,1 
"40100","Rio Grande City-Roma, TX Micropolitan Statistical Area",53597,1 
"40140","Riverside-San Bernardino-Ontario, CA Metropolitan Statistical Area",3254821,1 
"40180","Riverton, WY Micropolitan Statistical Area",35804,1 
"40220","Roanoke, VA Metropolitan Statistical Area",288309,1 
"40260","Roanoke Rapids, NC Micropolitan Statistical Area",79456,1 
"40300","Rochelle, IL Micropolitan Statistical Area",51032,1 
"40340","Rochester, MN Metropolitan Statistical Area",163618,1 
"40380","Rochester, NY Metropolitan Statistical Area",1037831,1 
"40420","Rockford, IL Metropolitan Statistical Area",320204,1 
"40460","Rockingham, NC Micropolitan Statistical Area",46564,1 
"40500","Rockland, ME Micropolitan Statistical Area",39618,1 
"40540","Rock Springs, WY Micropolitan Statistical Area",37613,1 
"40580","Rocky Mount, NC Metropolitan Statistical Area",143026,1 
"40620","Rolla, MO Micropolitan Statistical Area",39825,1 
"40660","Rome, GA Metropolitan Statistical Area",90565,1 
"40700","Roseburg, OR Micropolitan Statistical Area",100399,1 
"40740","Roswell, NM Micropolitan Statistical Area",61382,1 
"40760","Ruidoso, NM Micropolitan Statistical Area",19411,1 
"40780","Russellville, AR Micropolitan Statistical Area",75608,1 
"40820","Ruston, LA Micropolitan Statistical Area",57906,1 
"40860","Rutland, VT Micropolitan Statistical Area",63400,1 
"40900","Sacramento--Arden-Arcade--Roseville, CA Metropolitan Statistical Area",1796857,1 
"40940","Safford, AZ Micropolitan Statistical Area",42036,1 
"40980","Saginaw-Saginaw Township North, MI Metropolitan Statistical Area",210039,1 
"41060","St. Cloud, MN Metropolitan Statistical Area",167392,1 
"41100","St. George, UT Metropolitan Statistical Area",90354,1 
"41140","St. Joseph, MO-KS Metropolitan Statistical Area",122336,1 
"41180","St. Louis, MO-IL Metropolitan Statistical Area",2700011,1 
"41220","St. Marys, GA Micropolitan Statistical Area",43664,1 
"41260","St. Marys, PA Micropolitan Statistical Area",35112,1 
"41420","Salem, OR Metropolitan Statistical Area",347214,1 
"41460","Salina, KS Micropolitan Statistical Area",59760,1 
"41500","Salinas, CA Metropolitan Statistical Area",401762,1 
"41540","Salisbury, MD Metropolitan Statistical Area",109391,1 
"41580","Salisbury, NC Micropolitan Statistical Area",130340,1 
"41620","Salt Lake City, UT Metropolitan Statistical Area",968858,1 
"41660","San Angelo, TX Metropolitan Statistical Area",105781,1 
"41700","San Antonio, TX Metropolitan Statistical Area",1711703,1 
"41740","San Diego-Carlsbad-San Marcos, CA Metropolitan Statistical Area",2813833,1 
"41780","Sandusky, OH Metropolitan Statistical Area",79551,1 
"41820","Sanford, NC Micropolitan Statistical Area",49040,1 
"41860","San Francisco-Oakland-Fremont, CA Metropolitan Statistical Area",4123740,1 
"41940","San Jose-Sunnyvale-Santa Clara, CA Metropolitan Statistical Area",1735819,1 
"42020","San Luis Obispo-Paso Robles, CA Metropolitan Statistical Area",246681,1 
"42060","Santa Barbara-Santa Maria-Goleta, CA Metropolitan Statistical Area",399347,1 
"42100","Santa Cruz-Watsonville, CA Metropolitan Statistical Area",255602,1 
"42140","Santa Fe, NM Metropolitan Statistical Area",129292,1 
"42220","Santa Rosa-Petaluma, CA Metropolitan Statistical Area",458614,1 
"42300","Sault Ste. Marie, MI Micropolitan Statistical Area",38543,1 
"42340","Savannah, GA Metropolitan Statistical Area",293000,1 
"42380","Sayre, PA Micropolitan Statistical Area",62761,1 
"42420","Scottsbluff, NE Micropolitan Statistical Area",37770,1 
"42460","Scottsboro, AL Micropolitan Statistical Area",53926,1 
"42500","Scottsburg, IN Micropolitan Statistical Area",22960,1 
"42540","Scranton--Wilkes-Barre, PA Metropolitan Statistical Area",560625,1 
"42580","Seaford, DE Micropolitan Statistical Area",156638,1 
"42620","Searcy, AR Micropolitan Statistical Area",67165,1 
"42660","Seattle-Tacoma-Bellevue, WA Metropolitan Statistical Area",3043878,1 
"42680","Sebastian-Vero Beach, FL Metropolitan Statistical Area",112947,1 
"42700","Sebring, FL Micropolitan Statistical Area",87366,1 
"42740","Sedalia, MO Micropolitan Statistical Area",39403,1 
"42780","Selinsgrove, PA Micropolitan Statistical Area",37546,1 
"42820","Selma, AL Micropolitan Statistical Area",46365,1 
"42860","Seneca, SC Micropolitan Statistical Area",66215,1 
"42900","Seneca Falls, NY Micropolitan Statistical Area",33342,1 
"42940","Sevierville, TN Micropolitan Statistical Area",71170,1 
"42980","Seymour, IN Micropolitan Statistical Area",41335,1 
"43060","Shawnee, OK Micropolitan Statistical Area",65521,1 
"43100","Sheboygan, WI Metropolitan Statistical Area",112646,1 
"43140","Shelby, NC Micropolitan Statistical Area",96287,1 
"43180","Shelbyville, TN Micropolitan Statistical Area",37586,1 
"43220","Shelton, WA Micropolitan Statistical Area",49405,1 
"43260","Sheridan, WY Micropolitan Statistical Area",26560,1 
"43300","Sherman-Denison, TX Metropolitan Statistical Area",110595,1 
"43320","Show Low, AZ",97470,1 
"43340","Shreveport-Bossier City, LA Metropolitan Statistical Area",375965,1 
"43380","Sidney, OH Micropolitan Statistical Area",47910,1 
"43420","Sierra Vista-Douglas, AZ Micropolitan Statistical Area",117755,1 
"43460","Sikeston, MO Micropolitan Statistical Area",40422,1 
"43500","Silver City, NM Micropolitan Statistical Area",31002,1 
"43540","Silverthorne, CO Micropolitan Statistical Area",23548,1 
"43580","Sioux City, IA-NE-SD Metropolitan Statistical Area",143053,1 
"43620","Sioux Falls, SD Metropolitan Statistical Area",187093,1 
"43660","Snyder, TX Micropolitan Statistical Area",16361,1 
"43700","Somerset, KY Micropolitan Statistical Area",56217,1 
"43740","Somerset, PA Micropolitan Statistical Area",80023,1 
"43780","South Bend-Mishawaka, IN-MI Metropolitan Statistical Area",316663,1 
"43860","Southern Pines-Pinehurst, NC Micropolitan Statistical Area",74769,1 
"43900","Spartanburg, SC Metropolitan Statistical Area",253791,1 
"43940","Spearfish, SD Micropolitan Statistical Area",21802,1 
"43980","Spencer, IA Micropolitan Statistical Area",17372,1 
"44020","Spirit Lake, IA Micropolitan Statistical Area",16424,1 
"44060","Spokane, WA Metropolitan Statistical Area",417939,1 
"44100","Springfield, IL Metropolitan Statistical Area",201437,1 
"44140","Springfield, MA Metropolitan Statistical Area",680014,1 
"44180","Springfield, MO Metropolitan Statistical Area",368374,1 
"44220","Springfield, OH Metropolitan Statistical Area",144742,1 
"44260","Starkville, MS Micropolitan Statistical Area",42902,1 
"44300","State College, PA Metropolitan Statistical Area",135758,1 
"44340","Statesboro, GA Micropolitan Statistical Area",55983,1 
"44380","Statesville-Mooresville, NC Micropolitan Statistical Area",122660,1 
"44420","Staunton-Waynesboro, VA Micropolitan Statistical Area",108988,1 
"44500","Stephenville, TX Micropolitan Statistical Area",33001,1 
"44540","Sterling, CO Micropolitan Statistical Area",20504,1 
"44580","Sterling, IL Micropolitan Statistical Area",60653,1 
"44620","Stevens Point, WI Micropolitan Statistical Area",67182,1 
"44660","Stillwater, OK Micropolitan Statistical Area",68190,1 
"44700","Stockton, CA Metropolitan Statistical Area",563598,1 
"44740","Storm Lake, IA Micropolitan Statistical Area",20411,1 
"44780","Sturgis, MI Micropolitan Statistical Area",62422,1 
"44860","Sulphur Springs, TX Micropolitan Statistical Area",31960,1 
"44900","Summerville, GA Micropolitan Statistical Area",25470,1 
"44940","Sumter, SC Metropolitan Statistical Area",104646,1 
"44980","Sunbury, PA Micropolitan Statistical Area",94556,1 
"45000","Susanville, CA Micropolitan Statistical Area",33828,1 
"45020","Sweetwater, TX Micropolitan Statistical Area",15802,1 
"45060","Syracuse, NY Metropolitan Statistical Area",650154,1 
"45140","Tahlequah, OK Micropolitan Statistical Area",42521,1 
"45180","Talladega-Sylacauga, AL Micropolitan Statistical Area",80321,1 
"45220","Tallahassee, FL Metropolitan Statistical Area",320304,1 
"45260","Tallulah, LA Micropolitan Statistical Area",13728,1 
"45300","Tampa-St. Petersburg-Clearwater, FL Metropolitan Statistical Area",2395997,1 
"45340","Taos, NM Micropolitan Statistical Area",29979,1 
"45380","Taylorville, IL Micropolitan Statistical Area",35372,1 
"45460","Terre Haute, IN Metropolitan Statistical Area",170943,1 
"45500","Texarkana, TX-Texarkana, AR Metropolitan Statistical Area",129749,1 
"45540","The Villages, FL Micropolitan Statistical Area",53345,1 
"45580","Thomaston, GA Micropolitan Statistical Area",27597,1 
"45620","Thomasville, GA Micropolitan Statistical Area",42737,1 
"45640","Thomasville-Lexington, NC Micropolitan Statistical Area",147246,1 
"45660","Tiffin, OH Micropolitan Statistical Area",58683,1 
"45700","Tifton, GA Micropolitan Statistical Area",38407,1 
"45740","Toccoa, GA Micropolitan Statistical Area",25435,1 
"45780","Toledo, OH Metropolitan Statistical Area",659188,1 
"45820","Topeka, KS Metropolitan Statistical Area",224551,1 
"45860","Torrington, CT Micropolitan Statistical Area",182193,1 
"45900","Traverse City, MI Micropolitan Statistical Area",131342,1 
"45940","Trenton-Ewing, NJ Metropolitan Statistical Area",350761,1 
"45980","Troy, AL Micropolitan Statistical Area",29605,1 
"46020","Truckee-Grass Valley, CA Micropolitan Statistical Area",92033,1 
"46060","Tucson, AZ Metropolitan Statistical Area",843746,1 
"46100","Tullahoma, TN Micropolitan Statistical Area",93024,1 
"46140","Tulsa, OK Metropolitan Statistical Area",859532,1 
"46180","Tupelo, MS Micropolitan Statistical Area",125251,1 
"46220","Tuscaloosa, AL Metropolitan Statistical Area",192034,1 
"46260","Tuskegee, AL Micropolitan Statistical Area",24105,1 
"46300","Twin Falls, ID Micropolitan Statistical Area",82626,1 
"46340","Tyler, TX Metropolitan Statistical Area",174706,1 
"46380","Ukiah, CA Micropolitan Statistical Area",86265,1 
"46420","Union, SC Micropolitan Statistical Area",29881,1 
"46460","Union City, TN-KY Micropolitan Statistical Area",40202,1 
"46500","Urbana, OH Micropolitan Statistical Area",38890,1 
"46540","Utica-Rome, NY Metropolitan Statistical Area",299896,1 
"46620","Uvalde, TX Micropolitan Statistical Area",25926,1 
"46660","Valdosta, GA Metropolitan Statistical Area",119560,1 
"46700","Vallejo-Fairfield, CA Metropolitan Statistical Area",394542,1 
"46740","Valley, AL Micropolitan Statistical Area",36583,1 
"46780","Van Wert, OH Micropolitan Statistical Area",29659,1 
"46820","Vermillion, SD Micropolitan Statistical Area",13537,1 
"46860","Vernal, UT Micropolitan Statistical Area",25224,1 
"46900","Vernon, TX Micropolitan Statistical Area",14676,1 
"46980","Vicksburg, MS Micropolitan Statistical Area",49644,1 
"47020","Victoria, TX Metropolitan Statistical Area",111663,1 
"47080","Vidalia, GA Micropolitan Statistical Area",34337,1 
"47180","Vincennes, IN Micropolitan Statistical Area",39256,1 
"47220","Vineland-Millville-Bridgeton, NJ Metropolitan Statistical Area",146438,1 
"47260","Virginia Beach-Norfolk-Newport News, VA-NC Metropolitan Statistical Area",1576370,1 
"47300","Visalia-Porterville, CA Metropolitan Statistical Area",368021,1 
"47340","Wabash, IN Micropolitan Statistical Area",34960,1 
"47380","Waco, TX Metropolitan Statistical Area",213517,1 
"47420","Wahpeton, ND-MN Micropolitan Statistical Area",25136,1 
"47460","Walla Walla, WA Micropolitan Statistical Area",55180,1 
"47500","Walterboro, SC Micropolitan Statistical Area",38264,1 
"47540","Wapakoneta, OH Micropolitan Statistical Area",46611,1 
"47580","Warner Robins, GA Metropolitan Statistical Area",110765,1 
"47620","Warren, PA Micropolitan Statistical Area",43863,1 
"47660","Warrensburg, MO Micropolitan Statistical Area",48258,1 
"47700","Warsaw, IN Micropolitan Statistical Area",74057,1 
"47780","Washington, IN Micropolitan Statistical Area",29820,1 
"47820","Washington, NC Micropolitan Statistical Area",44958,1 
"47900","Washington-Arlington-Alexandria, DC-VA-MD-WV Metropolitan Statistical Area",4796183,1 
"47920","Washington Court House, OH Micropolitan Statistical Area",28433,1 
"47940","Waterloo-Cedar Falls, IA Metropolitan Statistical Area",163706,1 
"47980","Watertown, SD Micropolitan Statistical Area",31437,1 
"48020","Watertown-Fort Atkinson, WI Micropolitan Statistical Area",74021,1 
"48060","Watertown-Fort Drum, NY Micropolitan Statistical Area",111738,1 
"48100","Wauchula, FL Micropolitan Statistical Area",26938,1 
"48140","Wausau, WI Metropolitan Statistical Area",125834,1 
"48180","Waycross, GA Micropolitan Statistical Area",51119,1 
"48260","Weirton-Steubenville, WV-OH Metropolitan Statistical Area",132008,1 
"48300","Wenatchee, WA Metropolitan Statistical Area",99219,1 
"48460","West Plains, MO Micropolitan Statistical Area",37238,1 
"48500","West Point, MS Micropolitan Statistical Area",21979,1 
"48540","Wheeling, WV-OH Metropolitan Statistical Area",153172,1 
"48580","Whitewater, WI Micropolitan Statistical Area",93759,1 
"48620","Wichita, KS Metropolitan Statistical Area",571166,1 
"48660","Wichita Falls, TX Metropolitan Statistical Area",151524,1 
"48700","Williamsport, PA Metropolitan Statistical Area",120044,1 
"48740","Willimantic, CT Micropolitan Statistical Area",109091,1 
"48780","Williston, ND Micropolitan Statistical Area",19761,1 
"48820","Willmar, MN Micropolitan Statistical Area",41203,1 
"48900","Wilmington, NC Metropolitan Statistical Area",274532,1 
"48940","Wilmington, OH Micropolitan Statistical Area",40543,1 
"48980","Wilson, NC Micropolitan Statistical Area",73814,1 
"49020","Winchester, VA-WV Metropolitan Statistical Area",102997,1 
"49060","Winfield, KS Micropolitan Statistical Area",36291,1 
"49100","Winona, MN Micropolitan Statistical Area",49985,1 
"49180","Winston-Salem, NC Metropolitan Statistical Area",421961,1 
"49260","Woodward, OK Micropolitan Statistical Area",18486,1 
"49300","Wooster, OH Micropolitan Statistical Area",111564,1 
"49340","Worcester, MA Metropolitan Statistical Area",750963,1 
"49380","Worthington, MN Micropolitan Statistical Area",20832,1 
"49420","Yakima, WA Metropolitan Statistical Area",222581,1 
"49460","Yankton, SD Micropolitan Statistical Area",21652,1 
"49540","Yazoo City, MS Micropolitan Statistical Area",28149,1 
"49620","York-Hanover, PA Metropolitan Statistical Area",381751,1 
"49660","Youngstown-Warren-Boardman, OH-PA Metropolitan Statistical Area",602964,1 
"49700","Yuba City, CA Metropolitan Statistical Area",139149,1 
"49740","Yuma, AZ Metropolitan Statistical Area",160026,1 
"49780","Zanesville, OH Micropolitan Statistical Area",84585,1 
